Recency,Frequency,MonetaryValue,Cluster
326,1,77183.6,4
2,7,4310.0,0
75,4,1797.24,0
19,1,1757.55,0
310,1,334.4,2
36,8,2506.04,0
204,1,89.0,0
232,1,1079.4,2
214,1,459.4,2
23,3,2811.43,0
33,1,6207.67,0
2,2,1168.06,0
58,4,6372.58,0
52,3,2662.06,0
287,1,189.9,2
3,10,5226.23,0
110,2,552.0,0
8,4,1313.1,0
291,2,641.38,2
4,1,168.9,0
51,4,3545.69,0
45,2,1887.96,0
72,3,1298.04,0
311,1,364.6,2
25,1,742.9300000000001,0
11,2,457.5,0
315,2,1628.12,2
130,1,4008.62,0
82,2,852.24,0
22,4,2724.81,0
5,5,1845.31,0
185,5,1850.56,0
29,2,585.27,0
338,2,401.9,2
16,6,2780.66,0
80,1,549.84,0
22,1,460.89,0
72,4,1582.6,0
64,2,1272.48,0
19,12,3018.63,0
36,2,2409.9,0
46,1,1635.66,0
119,4,1108.65,0
303,1,84.3,2
323,1,225.6,2
50,1,427.7,0
149,1,1710.39,0
22,2,3415.3,0
50,5,1708.12,0
33,5,2888.55,0
79,3,11072.67,0
309,2,693.3299999999999,2
75,3,1226.88,0
67,3,758.1,0
217,3,562.41,2
24,21,124914.53,4
3,9,3649.1,0
113,1,668.58,0
64,1,600.39,0
16,4,807.04,0
96,3,803.5600000000001,0
1,8,1859.31,0
163,2,1760.96,0
78,1,777.2,0
195,1,582.73,0
22,3,825.8,0
26,9,7956.46,0
9,4,3750.4,0
43,1,256.4,0
36,15,6487.45,0
43,5,5059.32,0
1,7,13375.87,0
85,2,806.14,0
80,2,7829.89,0
100,1,509.01,0
2,18,4951.41,5
14,2,2906.85,0
367,1,173.55,2
3,1,172.06,0
21,5,5005.46,0
22,1,133.4,0
58,1,1002.31,0
243,1,476.49,2
44,1,449.45,0
22,4,4067.29,0
156,2,197.88,0
11,5,9035.52,0
17,2,430.57,0
134,1,707.09,0
56,1,3528.34,0
73,6,2466.86,0
44,3,3181.04,0
66,7,2363.23,0
71,2,947.4,0
94,2,826.88,0
19,2,1189.59,0
53,4,1344.78,0
10,8,1212.05,0
17,2,742.1899999999999,0
188,2,729.5400000000001,0
2,30,19824.05,5
32,7,6572.11,0
29,5,3938.55,0
17,18,7375.79,5
54,1,723.38,0
16,11,6816.42,0
23,6,13219.74,0
4,1,680.99,0
11,1,527.2,0
28,4,3281.63,0
23,10,5596.32,0
17,8,2484.98,0
33,6,4541.72,0
10,3,1298.66,0
336,1,334.93,2
5,10,5417.93,0
39,1,460.4,0
63,2,263.21000000000004,0
166,2,433.74,0
16,7,1246.1,0
82,1,1043.1,0
21,3,403.7000000000001,0
23,11,4257.82,0
337,1,2169.39,2
96,5,3723.87,0
18,2,482.05,0
233,1,73.5,2
134,3,1304.81,0
26,2,398.27,0
284,1,176.5,2
143,2,982.57,0
66,2,138.03,0
113,1,612.29,0
267,1,1017.68,2
353,1,383.7,2
78,2,1312.06,0
28,5,2502.84,0
1,5,2056.89,0
64,1,340.84,0
79,5,2634.26,0
143,1,599.68,0
39,2,192.72,0
19,11,1789.77,0
9,8,4485.72,0
1,3,1316.66,0
82,3,348.71000000000004,0
9,6,1933.48,0
60,4,1662.28,0
15,1,125.22,0
30,1,349.83000000000004,0
131,1,1089.18,0
92,2,716.35,0
43,3,12601.830000000002,0
29,1,363.95,0
22,4,5568.35,0
20,17,13400.24,5
30,3,981.18,0
36,1,372.7,0
75,2,1000.39,0
47,2,1161.5,0
198,2,207.8,0
166,1,95.2,0
79,1,964.83,0
358,1,168.0,2
39,2,437.82,0
8,10,3692.28,0
50,2,603.71,0
16,5,11990.96,0
8,1,269.96,0
311,2,561.71,2
5,3,2134.01,0
303,1,238.85,2
8,7,3781.74,0
261,1,456.9,2
289,1,145.92,2
86,1,351.65,0
23,10,9401.28,0
2,32,4124.69,5
40,2,519.61,0
9,2,1020.42,0
227,1,160.54000000000002,2
316,1,218.45,2
36,5,1315.83,0
35,3,657.8,0
21,2,2794.51,0
78,1,440.42,0
247,1,415.7,2
40,1,197.71,0
239,2,511.36,2
3,15,7281.38,5
4,9,2338.15,0
234,2,2040.1,2
17,1,196.94000000000003,0
8,1,144.0,0
39,1,214.9,0
29,2,646.68,0
211,2,9864.26,2
317,1,452.85,2
92,2,437.6,0
109,3,418.1,0
38,10,3338.2200000000003,0
51,2,618.27,0
19,4,3811.22,0
10,8,3023.08,0
29,7,1032.58,0
29,10,2599.04,0
190,5,577.0600000000001,0
59,1,153.12,0
22,1,739.1999999999999,0
79,2,254.18,0
60,1,1579.51,0
78,3,1126.85,0
23,5,2099.54,0
52,1,1193.32,0
74,1,704.0400000000001,0
57,5,3344.38,0
278,1,315.6,2
2,4,2291.19,0
95,2,713.3,0
29,1,355.53,0
22,1,177.31,0
16,9,3641.24,0
15,3,1339.41,0
2,20,13689.67,5
232,1,180.1,2
276,1,305.1,2
106,2,641.13,0
212,2,2683.82,2
23,9,6620.48,0
11,7,4478.53,0
4,3,786.46,0
10,2,1270.88,0
57,1,640.5,0
59,4,2163.98,0
90,2,1689.18,0
67,8,6021.9,0
33,1,671.69,0
239,1,486.1,2
24,3,1174.58,0
115,1,185.9,0
25,3,1013.26,0
128,6,3344.64,0
130,1,477.91,0
34,4,1775.18,0
5,2,1346.97,0
22,12,3722.82,0
155,1,318.05,0
107,3,623.51,0
3,1,314.44,0
335,1,114.0,2
331,1,919.98,2
149,2,2209.85,0
11,5,601.98,0
17,5,4051.17,0
11,4,1643.18,0
19,1,686.05,0
30,1,91.68,0
11,1,245.1,0
1,11,3849.78,0
8,9,4881.88,0
325,1,63.0,2
58,1,620.13,0
12,4,3807.15,0
151,3,2744.03,0
10,5,2996.05,0
330,1,225.9,2
5,2,610.52,0
39,4,1970.6,0
25,6,1331.39,0
42,12,17628.46,5
59,4,1113.02,0
1,4,862.81,0
15,22,13787.54,5
4,31,12288.22,5
4,15,8476.57,5
8,7,2283.63,0
28,6,2863.08,0
372,1,89.14,2
114,1,4873.81,0
26,2,1247.61,0
206,1,389.01,2
28,6,1035.8,0
127,4,855.91,0
70,2,869.67,0
7,4,582.1,0
29,3,957.59,0
8,4,4939.99,0
80,2,797.71,0
20,1,219.0,0
71,1,283.55,0
7,8,2340.84,0
15,9,6868.29,0
292,1,603.42,2
30,10,2712.91,0
15,15,9736.52,5
97,3,1149.02,0
29,13,4396.13,0
1,1,848.55,0
9,5,4708.86,0
106,1,353.86,0
4,2,1053.49,0
151,2,1030.98,0
71,1,238.25,0
5,2,644.95,0
3,25,5781.73,5
32,6,2656.13,0
85,4,997.63,0
4,5,725.07,0
5,4,1031.41,0
371,1,427.8,2
28,7,2609.1,0
11,7,3980.7,0
71,4,836.33,0
114,1,453.01,0
24,12,18895.91,5
180,1,236.26,0
234,1,383.95,2
353,1,110.4,2
315,2,779.5699999999999,2
333,1,234.0,2
372,1,155.35,2
78,2,1013.04,0
64,1,427.6,0
134,2,546.43,0
52,7,21279.29,0
2,11,4196.01,0
1,210,33719.73,3
4,5,4090.88,0
129,1,275.88,0
81,1,4366.78,0
23,6,21429.39,0
236,3,3010.74,2
281,2,3811.95,2
87,1,112.07999999999998,0
16,13,7857.1,0
117,2,2791.59,0
52,3,1531.44,0
8,2,1898.52,0
138,2,494.08,0
317,1,1693.88,2
4,7,6989.63,0
239,1,1143.6,2
211,1,1351.45,2
60,1,892.47,0
17,5,1386.04,0
20,6,822.23,0
38,8,3981.36,0
64,2,826.74,0
5,5,2330.92,0
2,6,2225.91,0
9,2,574.42,0
364,1,311.95,2
10,3,463.66,0
65,1,91.85,0
192,1,324.92,0
374,1,192.6,2
257,1,400.54,2
335,2,545.48,2
53,2,860.41,0
19,1,430.48,0
366,1,254.03,2
10,3,6977.04,0
187,1,427.58,0
37,3,483.65,0
178,1,489.31,0
261,3,514.85,2
45,1,229.64,0
102,1,125.92,0
148,2,1063.46,0
96,2,572.2,0
281,1,166.04,2
262,1,1542.08,2
3,4,942.34,0
214,1,92.72,2
71,2,948.88,0
75,5,1759.5,0
60,1,397.12,0
3,7,1474.72,0
6,3,430.15,0
3,6,1018.71,0
337,2,293.0,2
38,6,6814.64,0
262,1,215.05,2
32,2,383.03,0
145,1,417.38,0
283,1,312.38,2
59,4,2612.86,0
173,1,134.1,0
34,2,683.13,0
3,14,5591.42,0
144,4,2726.77,0
5,25,4022.35,5
70,2,1118.99,0
66,8,1702.26,0
29,2,325.96000000000004,0
267,4,354.09,2
22,1,871.54,0
31,2,1050.89,0
97,1,135.18,0
295,1,311.55,2
135,6,1957.1,0
79,3,1324.5,0
373,1,38.1,2
8,6,2179.93,0
211,2,1106.4,2
52,1,521.2,0
138,1,147.12,0
26,2,1568.23,0
283,1,559.12,2
26,7,4036.82,0
186,6,1607.0600000000002,0
84,2,380.64,0
327,2,599.97,2
282,1,374.0,2
143,2,343.2300000000001,0
58,2,2218.02,0
4,12,1535.77,0
236,2,854.99,2
45,3,573.22,0
276,1,298.0,2
9,2,1463.04,0
25,4,703.47,0
88,1,309.05,0
63,3,1175.22,0
68,2,1378.4,0
214,2,354.12,2
24,1,380.47,0
186,3,331.0,0
31,1,188.14,0
42,2,372.8,0
205,2,216.5,2
9,28,17654.54,5
265,1,138.68,2
18,2,509.58,0
12,5,2919.81,0
176,2,750.0,0
40,5,2178.67,0
23,8,3075.04,0
3,5,1662.3,0
5,5,2483.63,0
149,2,363.65,0
139,4,3006.15,0
128,1,594.0,0
8,6,1335.19,0
17,1,164.23,0
9,37,16587.09,5
161,1,405.38,0
64,1,176.97,0
88,4,933.7,0
5,2,694.05,0
35,5,2062.7000000000003,0
312,1,117.85,2
78,2,415.8,0
22,15,42055.96,5
24,3,607.53,0
2,7,2160.7,0
17,4,1063.9,0
15,4,1504.27,0
26,1,114.14,0
64,8,11581.8,0
55,2,913.54,0
131,3,683.9,0
36,2,604.51,0
288,1,462.95,2
144,6,1603.99,0
16,7,2064.95,0
31,8,4167.22,0
2,3,1843.0,0
9,6,1064.07,0
6,4,1387.79,0
10,1,329.85,0
1,11,4757.16,0
306,1,108.07,2
10,8,4017.54,0
7,2,266.39,0
8,8,1856.63,0
89,1,771.91,0
10,1,160.18,0
358,2,1660.9,2
112,1,135.95,0
7,4,452.24,0
4,86,11189.91,3
198,1,144.8,2
212,1,738.6,2
156,1,39.24,0
158,9,7374.900000000001,0
30,2,372.22,0
243,1,390.54,2
19,1,97.5,0
1,2,1239.38,0
74,2,558.7,0
292,1,535.32,2
3,15,6924.110000000001,5
31,3,409.5,0
23,2,503.76,0
23,4,414.76,0
4,3,974.42,0
85,1,211.32,0
22,4,1226.89,0
196,3,455.88,2
107,3,534.85,0
4,13,9818.82,5
318,1,120.95,2
106,3,149.05,0
12,18,5655.91,5
174,2,513.7,0
56,1,81.57,0
323,1,229.47,2
372,1,50.55,2
9,8,1661.84,0
1,13,4810.9400000000005,0
11,10,3466.28,0
53,5,3346.28,0
73,3,789.89,0
7,1,204.0,0
16,28,7277.7,5
4,9,2616.38,0
64,2,689.9,0
1,5,975.36,0
114,6,6912.0,0
23,2,661.3199999999999,0
31,3,1247.5,0
11,2,799.48,0
52,2,1010.18,0
357,1,190.55,2
55,2,642.77,0
74,2,921.88,0
138,3,881.07,0
80,3,908.46,0
9,2,676.99,0
273,1,516.42,2
291,1,560.47,2
99,1,305.28000000000003,0
31,2,629.31,0
32,10,3237.54,0
14,4,1835.91,0
64,2,656.6800000000001,0
15,17,5836.86,5
212,1,348.15000000000003,2
78,3,1214.41,0
25,3,271.40000000000003,0
250,1,183.4,2
254,1,307.53,2
72,1,248.61,0
191,1,346.98,2
13,4,1119.49,0
373,1,205.86,2
24,2,470.8,0
82,1,115.46,0
10,2,344.0,0
1,24,4436.12,5
192,1,228.8,2
267,1,177.15,2
130,1,919.61,0
1,4,729.27,0
3,26,12627.94,5
4,5,220.1,0
179,1,58.08,0
12,11,28337.38,5
126,9,3613.63,0
4,2,303.75,0
158,2,416.08,0
3,97,58825.83,3
9,14,8910.82,5
28,1,345.82,0
71,5,477.83,0
276,8,7832.47,2
21,12,1927.32,0
71,1,74.39999999999999,0
33,10,6010.42,0
1,28,28882.44,5
99,1,207.36,0
234,1,101.19,2
1,24,6424.09,5
40,1,243.94,0
3,6,1098.48,0
133,1,76.5,0
44,4,1531.62,0
373,1,350.06,2
60,2,786.54,0
31,7,1488.67,0
1,24,12245.96,5
12,4,2294.78,0
138,1,501.14,0
22,8,984.91,0
20,5,1197.81,0
239,1,30.6,2
269,1,283.73,2
94,2,922.39,0
90,3,3866.33,0
5,8,2099.64,0
78,1,259.17,0
94,1,64.0,0
23,3,1073.3,0
262,1,77.3,2
274,2,109.8,2
86,4,1793.58,0
197,1,3096.0,2
56,5,2607.61,0
11,8,3650.41,0
22,6,962.39,0
16,7,5064.94,0
108,3,423.72,0
85,5,2388.75,0
19,1,307.09,0
333,1,110.95,2
40,4,618.52,0
26,1,228.91,0
10,4,712.8000000000001,0
29,12,3707.12,0
14,4,1676.06,0
296,1,1257.87,2
6,1,486.22,0
33,4,971.76,0
49,4,1741.22,0
95,4,1201.06,0
9,4,1437.85,0
22,1,91.8,0
313,1,112.75,2
122,4,1688.29,0
46,2,1021.48,0
283,1,417.2,2
19,4,791.33,0
36,4,1319.19,0
64,2,712.88,0
27,1,116.01,0
22,3,468.41,0
4,2,353.65,0
16,3,2817.03,0
46,1,492.84,0
65,1,282.45,0
26,11,5725.47,0
45,1,121.18,0
8,9,3957.78,0
15,10,1701.29,0
268,1,71.4,2
40,3,1575.89,0
337,1,236.02,2
11,1,114.6,0
19,2,260.68,0
95,2,911.94,0
61,1,117.88,0
136,1,60.7,0
11,4,1797.78,0
10,6,3401.24,0
4,38,9817.12,5
19,4,870.09,0
10,4,869.46,0
15,2,250.26,0
59,6,1223.9,0
30,8,5891.61,0
94,1,353.48,0
10,3,1197.42,0
20,3,788.08,0
57,5,1520.58,0
268,1,333.74,2
122,3,533.98,0
127,1,62.63999999999999,0
78,4,819.2900000000001,0
240,2,847.41,2
200,2,163.20000000000002,2
60,2,2155.95,0
3,7,6463.84,0
273,1,108.21,2
202,1,257.7,2
81,1,358.0,0
226,1,160.95,2
4,14,2806.97,0
13,7,1357.6,0
74,2,605.12,0
212,1,1031.07,2
25,2,744.85,0
17,4,700.73,0
262,1,329.56,2
96,4,663.65,0
112,3,270.40000000000003,0
203,1,600.07,2
93,1,121.74,0
51,1,430.5,0
18,6,1987.3,0
18,4,501.12,0
125,2,465.68,0
92,3,711.41,0
157,2,1030.4,0
9,2,399.51,0
14,1,0.0,0
12,3,698.58,0
62,1,292.32,0
61,1,557.62,0
269,2,944.1,2
263,1,200.29,2
1,35,7454.07,5
53,5,2107.66,0
11,12,3834.26,0
3,19,4521.49,5
18,11,3214.69,0
1,15,5346.2300000000005,5
366,1,590.0,2
37,1,217.38,0
31,2,276.56,0
113,1,138.98,0
64,2,590.9300000000001,0
16,4,258.4,0
41,1,542.73,0
78,1,137.75,0
122,3,814.86,0
18,3,1132.14,0
60,2,93.66,0
331,1,201.19,2
23,4,2709.12,0
156,1,361.11,0
39,2,578.9399999999999,0
190,2,873.74,2
360,1,201.2,2
137,1,87.4,0
8,4,2089.85,0
1,1,360.0,0
268,1,142.5,2
169,1,371.89,0
104,4,618.09,0
155,1,63.75,0
351,1,300.42,2
4,10,2000.86,0
120,1,15.0,0
23,3,1385.51,0
7,5,1456.79,0
28,3,1132.03,0
4,2,598.57,0
22,5,1555.32,0
2,3,775.94,0
37,4,5977.7300000000005,0
66,6,2273.68,0
1,3,640.76,0
5,26,10845.55,5
78,4,1548.7,0
72,2,567.36,0
17,1,199.48,0
3,5,787.85,0
36,10,7121.95,0
82,1,675.3,0
39,8,3627.77,0
316,1,1308.48,2
32,2,789.0,0
93,3,1140.93,0
14,1,350.9,0
82,3,3536.82,0
77,1,795.12,0
158,1,487.02,0
201,1,860.12,2
45,7,10736.48,0
261,1,775.85,2
178,1,353.43,0
68,3,2543.72,0
288,1,389.5,2
70,1,341.36,0
64,1,233.76,0
11,1,247.32,0
16,2,979.12,0
66,1,373.94,0
60,1,397.98,0
71,1,743.53,0
122,1,674.7,0
80,1,768.24,0
257,1,609.95,2
269,1,439.03,2
64,1,439.56,0
9,4,3090.74,0
18,2,992.5,0
71,1,134.95999999999998,0
34,2,2225.37,0
50,1,56.16,0
257,2,623.4,2
366,1,308.28000000000003,2
372,1,754.87,2
90,1,378.64,0
61,3,3312.25,0
89,1,778.65,0
99,3,1019.76,0
26,3,572.56,0
32,6,3639.31,0
281,1,222.99,2
31,7,4151.93,0
330,1,534.57,2
131,2,677.1,0
11,3,797.96,0
75,1,544.08,0
204,1,59.8,2
2,8,2520.02,0
185,1,307.72,2
29,2,1360.99,0
73,5,1544.13,0
192,1,457.34,2
127,2,621.23,0
18,1,75.0,0
1,2,252.49,0
74,3,572.451,0
2,62,28117.04,5
24,5,1003.06,0
107,1,213.55,0
134,3,1390.5,0
44,2,712.5,0
5,2,640.83,0
12,18,6127.43,5
64,1,221.06,0
150,2,159.85,0
40,2,1851.08,0
64,1,2626.3,0
108,3,1624.21,0
1,10,3641.32,0
19,3,582.6,0
10,1,218.47,0
11,4,1006.8,0
19,2,679.45,0
67,2,1269.1,0
74,2,534.24,0
5,7,3809.89,0
2,1,196.89,0
14,7,3408.06,0
255,1,283.71,2
92,1,296.64,0
23,3,1129.14,0
17,6,3539.37,0
24,1,291.88,0
27,6,2043.72,0
26,5,2976.15,0
259,2,590.0,2
166,2,356.98,0
25,2,1058.34,0
18,6,1766.72,0
7,14,9646.57,5
29,2,183.44,0
39,3,1445.0,0
253,1,151.5,2
58,1,674.68,0
184,1,307.9,2
11,2,1083.71,0
2,37,5704.97,5
99,2,165.0,0
1,4,2531.58,0
61,2,422.64,0
236,1,229.59,2
191,4,1431.78,2
179,2,1238.47,0
38,6,1454.58,0
201,2,300.95,2
46,5,1804.56,0
232,1,184.64,2
66,1,140.34,0
241,1,313.8,2
233,1,454.24,2
78,3,1122.41,0
58,3,575.4,0
17,13,8968.31,5
105,4,449.52,0
52,10,1215.82,0
136,3,1269.84,0
275,2,618.63,2
312,1,316.26000000000005,2
8,5,2044.87,0
11,2,653.33,0
283,2,348.05,2
18,5,1159.11,0
23,3,1166.77,0
288,1,1340.32,2
17,3,292.0,0
71,1,216.85,0
64,1,295.93,0
73,4,4393.63,0
316,2,458.52,2
3,4,2479.16,0
244,1,110.97,2
9,7,979.72,0
1,4,1791.56,0
261,1,251.21,2
127,1,205.1,0
74,1,152.20000000000002,0
73,4,891.12,0
21,3,1389.41,0
60,3,2128.42,0
86,1,659.4399999999999,0
78,1,122.75,0
59,6,3624.35,0
1,3,1093.65,0
30,1,125.8,0
33,5,3964.88,0
41,5,680.1800000000001,0
15,2,628.78,0
34,7,2287.51,0
79,2,307.76,0
205,2,483.8,2
34,1,210.31,0
183,3,270.79,2
2,25,5870.08,5
1,7,3448.29,0
43,7,1280.85,0
86,3,631.34,0
40,2,291.41,0
12,3,626.99,0
96,2,682.41,0
26,7,918.2,0
319,1,91.8,2
66,12,3740.07,0
74,4,4149.28,0
28,2,584.06,0
6,4,605.06,0
7,1,174.37,0
216,1,141.86,2
82,3,1799.33,0
84,2,777.53,0
144,3,1749.02,0
19,2,240.22,0
41,2,874.71,0
173,1,192.85,0
17,2,373.75,0
243,1,239.49,2
13,12,2092.32,0
206,1,1384.25,2
50,2,294.4,0
23,5,732.0699999999999,0
10,18,6717.34,5
25,4,1687.6,0
15,2,467.04,0
309,1,118.0,2
156,1,781.03,0
307,1,142.4,2
64,1,712.4,0
16,9,2478.95,0
15,2,379.65,0
11,6,1981.92,0
65,3,1117.13,0
36,4,247.96,0
108,5,2037.08,0
53,1,396.97,0
6,2,697.04,0
47,1,180.17,0
1,21,5153.67,5
312,1,219.52,2
45,2,693.32,0
65,1,428.89,0
26,1,164.34,0
29,3,280.54,0
40,1,678.01,0
12,7,1131.88,0
89,3,1171.8,0
24,4,1610.46,0
319,1,417.69,2
40,3,544.18,0
174,1,177.34,0
117,1,213.85,0
31,5,747.78,0
253,1,257.23,2
59,5,1638.47,0
23,11,7792.36,0
5,7,2031.78,0
100,11,3070.42,0
25,5,2121.27,0
33,5,1575.16,0
68,1,1071.03,0
37,5,949.12,0
52,3,810.5,0
16,1,122.64,0
74,1,1033.34,0
216,1,354.8,2
31,3,519.44,0
16,4,2624.26,0
120,1,252.1,0
10,4,1678.12,0
257,2,346.6,2
17,6,1836.34,0
35,2,94.2,0
46,3,1095.08,0
43,6,2707.33,0
114,2,932.97,0
165,2,379.65,0
11,2,382.14,0
10,5,2639.17,0
206,2,1573.2,2
86,3,897.76,0
179,1,189.47,2
60,3,84.65,0
149,1,305.02,0
3,21,6363.59,5
51,2,218.55,0
75,1,349.7,0
301,2,186.39,2
19,2,396.92,0
151,2,486.8200000000001,0
152,1,232.6,0
1,4,3722.42,0
18,4,827.83,0
187,1,59.5,2
286,1,67.23,2
3,7,3119.44,0
183,1,72.0,2
63,1,910.0,0
59,1,172.25,0
25,3,1488.32,0
4,50,65039.62,4
31,15,2504.13,5
39,1,151.29999999999998,0
155,1,308.58000000000004,0
26,10,2265.12,0
318,1,99.5,2
5,9,2308.06,0
8,3,711.86,0
303,1,330.79,2
267,2,806.41,2
271,1,296.88,2
4,13,6328.05,5
32,1,180.48,0
219,2,252.06,2
247,1,228.84,2
281,5,1079.34,2
269,1,138.28,2
32,6,1445.01,0
246,2,306.55,2
15,5,1041.68,0
117,4,799.9,0
36,1,524.14,0
132,3,2375.41,0
217,1,199.85,2
50,8,1980.56,0
39,2,1079.66,0
29,2,333.48,0
37,6,1016.14,0
136,2,752.6,0
219,2,610.59,2
28,1,491.86,0
25,4,2885.24,0
5,2,731.9,0
200,1,339.6,2
18,1,216.9,0
241,1,350.75,2
72,3,668.4300000000001,0
17,12,3131.02,0
3,7,1341.6,0
95,2,1156.36,0
162,1,300.04,0
374,1,79.6,2
96,5,948.25,0
54,5,1647.26,0
288,1,296.25,2
124,6,1186.28,0
288,1,741.26,2
152,2,282.6,0
4,9,2161.35,0
2,14,5189.52,5
12,7,3190.55,0
33,2,659.4100000000001,0
54,2,286.79,0
50,2,1070.65,0
219,1,306.72,2
63,1,1714.96,0
71,3,1521.76,0
2,37,17220.36,5
2,10,2796.51,0
64,4,2634.45,0
34,3,1132.13,0
82,1,345.0,0
1,33,25977.16,5
103,1,178.7,0
7,2,360.01,0
251,1,127.84,2
13,6,912.0,0
10,11,2462.79,0
367,1,230.4,2
76,2,309.04,0
4,1,348.8,0
128,2,1516.0,0
66,2,195.55,0
1,57,37153.85,5
117,2,688.86,0
310,1,558.32,2
67,1,324.8,0
139,3,4599.42,0
255,1,277.07,2
31,7,2635.79,0
52,2,924.6,0
64,1,256.38,0
367,1,112.6,2
6,5,1747.66,0
305,1,155.05,2
29,3,1499.01,0
184,3,814.5,2
42,3,539.0,0
40,4,1366.86,0
92,2,1579.12,0
22,4,4027.36,0
24,2,571.6700000000001,0
29,2,382.98,0
302,3,1140.35,2
145,2,385.64,0
6,2,632.0,0
19,2,957.66,0
33,5,1698.94,0
176,1,189.5,2
58,3,412.05,0
22,1,209.49,0
16,6,2202.99,0
19,1,52.2,0
159,1,384.8,0
25,4,834.57,0
212,2,271.24,2
6,4,691.73,0
253,1,85.0,2
59,9,3385.62,0
11,1,361.62,0
65,1,312.98,0
25,3,865.0600000000001,0
92,3,1255.0,0
52,2,1537.95,0
129,1,1595.48,0
96,3,2651.46,0
57,1,1090.14,0
9,25,8109.519999999999,5
169,3,388.5,0
57,1,216.17,0
326,1,201.16,2
1,5,1245.9,0
18,8,2209.36,0
248,1,305.78,2
58,4,501.56,0
74,1,145.67000000000002,0
31,3,1015.29,0
7,2,3192.54,0
123,4,3104.95,0
2,8,2770.94,0
23,13,6403.25,5
120,3,389.6,0
358,1,540.45,2
54,5,1786.79,0
64,1,122.7,0
86,1,117.24,0
55,1,1281.53,0
21,13,3219.77,0
4,20,17159.52,5
3,5,1191.13,0
11,5,2674.48,0
7,5,787.6,0
189,2,506.8,2
71,1,243.56,0
204,1,349.55,2
120,2,605.63,0
93,1,416.9,0
1,10,1883.81,0
27,4,632.97,0
298,1,821.1,2
24,3,564.62,0
28,4,2593.07,0
50,1,311.16,0
326,1,155.93,2
16,2,388.52,0
183,3,740.95,2
72,5,2867.2,0
37,2,332.64,0
80,4,2369.55,0
57,9,2580.91,0
12,2,626.45,0
50,2,272.04,0
50,2,1212.84,0
59,2,384.81,0
352,1,172.25,2
54,1,351.13,0
2,6,1838.85,0
93,4,678.25,0
23,1,223.85,0
75,1,348.99,0
11,4,464.57,0
169,2,842.65,2
58,2,337.34,0
96,2,1237.53,0
295,1,307.4,2
109,2,608.7900000000001,0
264,1,922.1,2
180,1,376.58,2
169,1,158.85,2
35,1,71.66,0
23,3,568.55,0
17,4,839.14,0
22,5,5112.96,0
79,3,561.5699999999999,0
65,1,90.6,0
361,1,102.0,2
3,6,2427.32,0
11,4,745.06,0
176,3,674.45,2
218,2,3251.071,2
7,7,3515.68,0
2,2,439.92,0
154,2,322.96,0
5,5,1026.42,0
79,3,598.2,0
21,2,230.22,0
22,2,169.55,0
308,4,664.54,2
146,1,80.7,0
7,18,9053.94,5
19,8,2758.26,0
71,2,190.25,0
287,1,264.7,2
49,1,413.59,0
31,6,2526.28,0
207,1,357.98,2
15,2,196.79,0
73,1,869.87,0
60,1,200.14,0
39,4,1871.81,0
30,12,2603.43,0
27,5,920.51,0
4,15,7060.13,5
17,1,320.46,0
20,6,4147.96,0
66,2,1266.08,0
213,1,311.3,2
12,6,855.97,0
30,1,76.8,0
43,9,3466.36,0
4,6,2313.14,0
15,5,1393.69,0
10,12,3901.81,0
211,1,635.66,2
46,3,2043.08,0
134,2,529.73,0
43,7,4582.64,0
10,5,2874.72,0
116,3,962.19,0
198,2,695.61,2
278,1,328.8,2
110,3,473.02,0
77,1,505.18,0
53,1,917.34,0
162,4,4341.21,0
47,3,1421.61,0
17,2,642.8,0
155,3,631.9,0
225,1,440.0,2
7,2,584.07,0
122,2,327.7,0
61,1,104.82,0
63,2,467.66,0
18,8,2360.09,0
7,19,17286.86,5
2,11,2975.59,0
22,3,651.8199999999999,0
29,5,1428.02,0
285,1,626.65,2
176,2,147.20000000000002,2
78,3,1560.38,0
33,1,152.2,0
41,12,3614.92,0
266,1,141.41,2
27,4,652.82,0
109,4,1659.75,0
284,1,154.99,2
9,5,1308.61,0
305,1,409.93,2
17,4,5681.72,0
32,2,746.36,0
1,23,15610.39,5
20,1,225.36,0
124,2,260.25,0
65,1,92.46,0
106,1,725.6400000000001,0
1,23,8214.65,5
24,17,6217.96,5
267,1,183.6,2
5,19,6140.42,5
10,12,10464.85,5
29,5,1353.74,0
267,1,152.55,2
64,2,374.7,0
320,1,265.85,2
4,8,1438.82,0
32,1,151.04,0
5,3,942.26,0
129,1,122.47,0
41,5,499.42,0
102,6,1049.37,0
125,1,375.1,0
33,1,45.6,0
302,2,934.52,2
365,1,182.25,2
4,9,1018.43,0
2,18,4448.54,5
3,1,194.42,0
10,13,50491.81,4
57,1,161.0,0
325,1,76.32000000000001,2
8,14,4076.91,5
12,1,442.85,0
4,17,65164.79,4
37,1,147.35,0
16,11,3104.17,0
138,1,194.9,0
74,6,5976.79,0
5,5,1360.28,0
155,2,216.21,0
239,1,1266.23,2
52,7,2703.23,0
31,2,597.91,0
73,1,144.2,0
4,12,5683.15,0
14,4,692.85,0
23,7,2915.15,0
4,4,1840.42,0
274,2,386.53,2
20,5,1382.74,0
144,1,90.0,0
4,4,2780.15,0
84,1,419.58,0
11,3,2740.43,0
8,3,706.1300000000001,0
123,3,709.71,0
61,2,637.5,0
2,5,1123.86,0
319,1,483.86,2
2,11,3586.03,0
130,3,605.64,0
2,15,4690.31,5
2,2,982.38,0
46,1,415.82,0
4,2,935.05,0
3,4,915.13,0
373,1,311.81,2
134,1,115.8,0
47,4,3742.2,0
9,5,4191.0,0
78,2,483.4,0
234,1,157.2,2
221,1,446.62,2
36,2,658.64,0
75,2,621.29,0
239,2,1345.62,2
266,1,118.75,2
10,55,117379.63,4
20,2,432.88,0
40,1,507.66,0
20,11,4693.01,0
216,3,1110.52,2
174,2,289.36,2
87,4,2445.91,0
71,2,1631.77,0
276,1,122.54,2
39,4,574.84,0
98,1,363.79,0
11,4,450.84,0
33,1,134.46,0
60,3,3222.3,0
297,4,576.9000000000001,2
86,4,559.41,0
9,7,1620.93,0
41,2,719.78,0
11,25,4748.52,5
67,1,452.89,0
331,1,197.65,2
31,6,2054.36,0
2,15,4654.08,5
2,13,4684.76,5
68,2,853.39,0
5,21,11349.52,5
202,2,1012.0,2
107,1,335.52,0
18,4,701.4,0
218,1,185.4,2
60,7,747.44,0
2,1,161.03,0
17,2,466.7,0
239,1,328.16,2
95,1,151.74,0
11,6,2073.43,0
106,6,1905.84,0
53,9,2241.1,0
90,1,1070.48,0
31,5,1004.38,0
12,6,1789.72,0
3,4,1839.3,0
2,17,2004.98,5
43,1,169.48000000000002,0
4,1,89.94,0
247,2,632.4,2
42,9,3432.8,0
177,1,683.17,2
92,3,991.13,0
110,4,1050.12,0
29,5,2232.19,0
26,10,3350.96,0
52,3,1547.2,0
184,3,925.71,2
43,5,2048.07,0
49,4,1462.72,0
22,4,775.46,0
75,5,3144.86,0
81,2,490.86,0
373,1,161.0,2
326,1,146.85,2
43,11,2380.85,0
30,2,890.34,0
184,1,213.7,2
235,2,280.55,2
9,10,2588.77,0
220,2,1693.45,2
111,3,1474.06,0
278,1,136.76999999999998,2
318,1,302.58,2
7,3,1904.05,0
2,5,2879.7000000000003,0
260,2,969.06,2
64,5,3099.7200000000003,0
9,9,12669.98,0
142,1,120.0,0
51,2,1163.45,0
8,8,2618.23,0
155,2,333.97,0
109,2,530.18,0
163,3,1516.24,2
332,1,492.65,2
226,1,112.32,2
74,2,437.96,0
51,4,559.97,0
99,3,1119.74,0
15,3,4216.2,0
197,1,134.04,2
3,15,3729.34,5
31,2,595.25,0
21,4,1910.01,0
24,3,4628.75,0
8,3,176.63,0
213,1,426.6,2
9,6,911.26,0
11,5,2314.65,0
2,11,3883.25,0
8,9,4871.93,0
3,4,1046.56,0
40,1,166.20000000000002,0
18,4,1305.33,0
8,44,51527.3,4
8,9,3965.62,0
19,1,43.2,0
117,1,640.14,0
223,1,383.45,2
71,3,1858.96,0
51,2,2093.32,0
89,6,2995.72,0
8,9,2352.53,0
243,1,310.26,2
47,6,1611.59,0
107,1,120.0,0
45,6,2481.13,0
65,1,508.58,0
207,2,477.79,2
11,5,1530.75,0
115,2,605.0600000000001,0
242,1,183.85,2
163,1,311.65,2
17,7,5014.84,0
124,2,462.66,0
23,3,866.31,0
68,1,415.2,0
17,8,2552.21,0
16,2,468.26,0
17,4,1614.91,0
161,2,588.22,2
243,1,309.52,2
219,1,134.7,2
45,8,2182.28,0
21,4,668.5600000000001,0
127,8,889.9300000000001,0
39,1,108.98,0
121,2,1021.58,0
260,1,409.57,2
10,1,133.5,0
274,1,282.93,2
165,1,51.0,2
157,4,1078.96,0
215,1,90.6,2
6,2,163.62,0
366,1,174.4,2
80,2,701.23,0
43,1,225.77,0
19,3,912.18,0
32,4,2128.23,0
22,1,161.2,0
109,8,3717.35,0
8,16,9261.52,5
320,1,155.0,2
295,1,100.5,2
358,1,76.55,2
185,1,257.68,2
191,2,617.05,2
44,2,348.1,0
52,1,202.68,0
26,1,626.0699999999999,0
38,3,1247.69,0
9,3,202.11,0
297,1,142.4,2
33,3,1770.56,0
10,8,3212.84,0
65,2,1043.46,0
10,9,4652.82,0
218,1,67.95,2
2,9,3507.71,0
65,2,487.99,0
3,19,2612.96,5
149,1,574.7,0
4,13,4051.48,5
130,4,1475.81,0
34,6,1474.32,0
119,1,156.75,0
107,6,2157.73,0
11,7,2606.53,0
71,6,2059.4500000000003,0
92,9,1105.07,0
311,1,1063.0,2
43,2,770.03,0
362,1,122.7,2
92,7,1496.98,0
1,13,5900.28,5
22,2,490.22,0
4,3,1937.25,0
11,6,1058.06,0
99,1,387.52,0
57,2,813.11,0
1,6,4263.64,0
218,1,265.2,2
18,1,322.08,0
24,10,4481.67,0
50,2,363.34,0
7,5,1244.83,0
303,1,470.36,2
10,6,2255.51,0
22,6,1372.8,0
99,1,89.06,0
366,1,63.0,2
306,1,131.9,2
320,1,2661.24,2
8,5,2357.6800000000003,0
1,4,1712.89,0
205,2,1589.82,2
54,4,1420.2,0
1,4,1039.58,0
19,5,1163.23,0
9,2,375.35,0
19,4,907.1,0
181,3,483.25,2
60,2,662.59,0
11,2,264.44,0
190,1,119.93,2
5,9,3062.4,0
311,1,113.64,2
155,1,1837.92,2
110,3,434.34,0
148,3,2103.06,0
66,11,2004.02,0
98,3,529.62,0
247,3,1058.62,2
29,7,2272.4,0
18,4,598.76,0
12,2,461.19,0
104,8,1936.84,0
74,2,234.34000000000003,0
46,1,547.66,0
72,3,925.85,0
257,1,215.7,2
20,4,1309.6,0
254,2,316.25,2
11,1,279.05,0
165,2,636.51,2
18,6,2068.15,0
282,1,137.1,2
50,1,321.92,0
39,1,165.75,0
27,6,1196.33,0
68,1,1064.28,0
207,1,463.38,2
175,2,340.93,2
7,5,2383.24,0
26,1,139.56,0
51,2,123.8,0
312,2,538.8100000000001,2
309,1,475.37,2
43,5,1957.32,0
26,3,815.32,0
88,3,356.85,0
184,2,251.21,2
20,11,2470.67,0
3,6,3543.26,0
47,4,673.26,0
17,8,5905.64,0
17,5,2012.17,0
24,6,1383.18,0
22,2,276.42,0
11,5,1314.81,0
188,2,275.28,2
101,3,455.59,0
61,3,1055.35,0
18,6,2102.09,0
33,2,330.45,0
64,1,174.37,0
2,2,270.6,0
24,4,974.54,0
108,1,241.09,0
32,9,1867.68,0
20,9,4332.2,0
3,55,8508.82,5
37,1,364.22,0
60,3,620.04,0
26,6,2925.91,0
236,4,932.85,2
25,7,1949.72,0
3,18,4447.05,5
60,3,2864.19,0
260,1,171.8,2
58,1,355.56,0
65,2,388.25,0
16,2,537.48,0
10,3,996.26,0
59,8,1461.65,0
186,1,103.25,2
29,16,3630.33,5
24,2,2024.45,0
5,5,2578.09,0
4,8,4007.54,0
151,2,652.8,0
311,1,289.24,2
11,2,765.62,0
18,2,186.23,0
152,1,165.07,2
19,5,859.27,0
10,4,2381.04,0
57,2,324.14,0
85,1,788.38,0
7,22,2237.77,5
76,3,1080.76,0
4,18,5074.77,5
96,4,3099.12,0
111,1,1432.0,0
57,2,1530.36,0
1,1,227.39,0
281,2,218.06,2
3,7,2832.84,0
180,9,1653.42,2
372,1,35.400000000000006,2
13,4,859.71,0
3,1,168.63,0
17,1,138.6,0
41,1,114.11,0
6,5,1052.55,0
169,4,1042.26,2
50,1,157.05,0
277,1,237.36,2
19,9,1601.14,0
372,1,39.75,2
15,4,1447.14,0
35,3,570.46,0
22,3,617.99,0
7,2,379.83,0
20,6,1740.6,0
11,2,883.15,0
44,1,221.97,0
306,1,393.33,2
11,1,213.96,0
275,1,660.0,2
1,93,12156.65,3
16,14,16569.5,5
4,4,1785.15,0
72,4,601.56,0
243,3,406.08,2
9,3,553.44,0
246,1,394.44,2
206,2,412.78,2
1,5,1788.36,0
185,1,320.58000000000004,2
32,5,889.25,0
57,2,225.85,0
196,2,899.63,2
24,4,2791.27,0
91,2,671.96,0
4,2,959.01,0
51,3,1006.98,0
263,1,114.56,2
266,1,344.90000000000003,2
36,2,609.85,0
51,1,443.6,0
52,6,2984.49,0
24,6,2125.08,0
22,1,110.46,0
59,1,96.12,0
170,2,693.8100000000001,2
68,2,830.76,0
157,2,597.09,2
2,74,280206.02,6
201,1,243.22,2
5,4,1417.29,0
67,2,654.6,0
77,1,114.18,0
1,7,1947.55,0
8,4,1932.23,0
169,2,291.05,2
18,4,848.22,0
5,2,247.15,0
9,9,2529.93,0
87,2,285.74,0
27,1,107.95,0
29,4,771.17,0
20,2,637.89,0
61,5,1835.7,0
24,1,195.25,0
11,25,9241.2,5
242,3,1269.99,2
280,2,411.53,2
235,2,765.55,2
3,5,1736.4,0
16,1,604.75,0
31,6,2548.24,0
25,16,28754.11,5
71,3,498.95,0
188,2,52.0,2
26,5,1236.28,0
107,1,628.38,0
8,21,5630.87,5
209,1,112.8,2
44,2,371.7,0
31,5,2114.33,0
137,4,591.55,0
265,1,172.9,2
4,7,2078.95,0
218,2,188.61,2
2,5,1250.76,0
214,1,109.13,2
32,3,2235.3,0
11,9,2549.37,0
1,17,3292.14,5
15,1,318.17,0
11,9,1546.91,0
199,1,179.0,2
3,3,1126.37,0
15,13,4921.04,5
14,4,606.13,0
10,11,2868.8,0
29,3,917.07,0
9,11,2666.36,0
24,1,160.19,0
25,4,867.38,0
43,2,329.68,0
2,5,1602.13,0
6,3,663.81,0
147,1,187.92,0
10,6,1158.3,0
25,1,718.08,0
274,1,268.58,2
374,1,313.49,2
1,8,2005.06,0
47,3,380.02,0
8,8,2702.49,0
16,12,9585.91,5
4,32,6065.69,5
4,3,1164.55,0
43,7,1314.45,0
4,7,3902.28,0
197,3,1448.21,2
12,6,1400.34,0
16,7,1099.98,0
113,5,1220.26,0
249,1,328.2,2
29,5,1415.75,0
44,1,389.64,0
87,1,563.15,0
45,2,638.05,0
10,11,5010.28,0
15,1,738.96,0
75,1,420.5,0
145,4,1484.06,0
5,3,1625.97,0
297,1,89.2,2
59,2,255.9,0
264,1,300.52,2
47,1,278.3,0
29,3,254.11,0
8,6,2473.37,0
17,2,192.6,0
3,8,10674.75,0
232,2,876.42,2
112,1,139.26,0
58,3,1011.9,0
51,11,2538.3,0
127,2,730.86,0
281,3,386.15,2
55,2,447.68,0
320,1,200.1,2
26,2,289.99,0
10,2,77.4,0
7,2,679.4399999999999,0
29,1,197.64,0
17,4,745.06,0
64,1,6.2,0
21,1,228.99,0
3,7,1319.91,0
166,1,131.45000000000002,2
1,17,8022.49,5
53,3,173.74,0
51,1,157.7,0
48,12,4339.74,0
61,1,193.14,0
162,3,845.55,2
9,1,353.27,0
15,4,554.65,0
75,1,193.39,0
40,8,2741.17,0
41,11,2087.88,0
370,2,155.43,2
37,2,778.5,0
197,1,271.85,2
200,2,1110.34,2
74,3,657.8,0
64,2,272.07,0
21,4,507.29,0
367,1,48.8,2
180,3,321.43,2
10,4,1127.71,0
4,12,2226.91,0
197,3,2139.76,2
29,4,697.55,0
53,1,197.13,0
18,6,1720.3,0
10,3,102.45,0
90,4,1649.5,0
268,1,62.85,2
53,6,3295.76,0
44,4,2824.69,0
64,4,3189.81,0
149,1,309.4,2
22,25,7930.54,5
312,1,325.75,2
23,2,511.35,0
58,6,2836.69,0
24,2,475.8,0
78,7,2759.83,0
119,2,645.65,0
36,3,1311.38,0
60,2,1173.12,0
13,4,1353.74,0
19,1,170.32,0
52,1,125.79,0
26,2,841.1999999999999,0
29,1,266.76,0
7,2,52.2,0
11,12,14389.9,5
186,3,710.28,2
3,8,2953.59,0
9,2,725.7,0
262,1,327.25,2
3,4,522.38,0
210,1,519.68,2
108,2,1465.3200000000002,0
13,9,1485.54,0
77,3,706.19,0
20,1,255.4,0
27,2,589.7,0
19,6,761.59,0
132,1,765.3199999999999,0
253,1,364.8,2
79,1,1862.0,0
207,1,369.2,2
336,1,135.9,2
254,1,125.65,2
148,2,554.38,2
10,2,1237.85,0
85,1,655.75,0
8,20,11138.71,5
205,2,468.77,2
8,4,1366.38,0
23,6,1303.52,0
11,9,1421.29,0
26,1,332.66,0
21,5,2810.63,0
2,2,1025.44,0
158,2,616.15,2
3,7,3501.1,0
74,1,277.8,0
3,4,434.35,0
1,201,143825.06,3
17,2,867.85,0
36,4,1227.43,0
91,2,307.48,0
71,4,1268.98,0
116,2,1610.15,0
213,2,977.77,2
30,2,1316.07,0
51,1,749.1,0
246,1,310.05,2
32,1,223.88,0
109,3,2372.86,0
5,5,1257.68,0
366,1,363.53,2
82,2,1890.94,0
297,1,1784.71,2
34,8,8137.02,0
57,3,1621.88,0
30,12,5900.25,5
14,1,100.9,0
72,2,290.82,0
23,6,1101.97,0
19,1,371.2,0
79,1,311.69,0
60,11,8099.49,5
25,1,289.82,0
12,1,336.17,0
253,1,58.49,2
147,3,499.68,2
64,4,695.42,0
8,2,221.27,0
11,9,7044.68,0
271,1,126.7,2
10,5,1487.8,0
247,1,206.21,2
96,2,599.0,0
15,1,191.32,0
50,1,463.8,0
30,1,147.59,0
68,4,1592.06,0
35,3,1116.57,0
128,1,114.77,0
107,3,1314.45,0
37,1,114.39,0
57,1,279.94,0
57,7,790.86,0
72,5,1931.42,0
246,1,102.12,2
19,2,213.27,0
198,2,296.75,2
16,2,326.4,0
212,1,334.54,2
39,2,233.23,0
46,3,546.1999999999999,0
170,2,429.87,2
48,1,490.52,0
116,4,1641.76,0
147,1,1246.32,2
16,28,6316.57,5
51,1,502.09,0
159,1,156.91,2
12,3,1261.78,0
36,1,308.94,0
54,2,423.04,0
43,2,260.17,0
173,1,170.04,2
34,1,125.58,0
39,3,496.21,0
267,1,266.0,2
9,9,1914.82,0
12,4,905.04,0
3,11,6802.76,5
10,10,1661.33,0
33,1,377.01,0
80,3,469.0,0
31,4,1066.15,0
8,4,627.13,0
72,2,518.28,0
4,4,668.14,0
256,3,4959.1,2
5,10,2586.67,0
16,8,4308.61,0
90,1,252.73,0
72,3,465.55,0
59,6,705.49,0
10,47,19914.44,5
170,1,180.35,2
199,1,135.93,2
31,1,537.0,0
19,17,7700.23,5
152,2,735.66,2
9,15,5213.77,5
270,1,343.62,2
65,4,384.05,0
274,1,121.17000000000002,2
25,3,1782.09,0
23,3,1391.61,0
319,1,215.78,2
5,3,697.79,0
12,2,302.1,0
275,2,1489.5,2
25,11,2124.99,0
41,9,1337.72,0
8,4,303.09,0
4,48,54534.14,4
71,4,987.86,0
213,1,370.8,2
38,4,3158.13,0
53,1,893.59,0
78,3,1744.76,0
46,2,553.36,0
179,1,1109.53,2
373,1,106.2,2
94,2,982.07,0
10,3,1043.41,0
105,1,748.87,0
78,1,773.03,0
173,1,880.85,2
7,32,9743.11,5
213,4,895.61,2
22,5,504.8,0
257,1,88.2,2
282,1,306.94,2
21,2,1160.07,0
10,6,2420.84,0
308,1,381.32,2
68,1,480.71,0
215,2,457.81,2
18,6,4597.02,0
104,4,1370.6,0
43,1,219.39,0
4,1,248.08,0
182,3,39916.5,5
84,1,410.48,0
334,3,876.0,2
9,2,317.53,0
31,2,703.36,0
197,2,1027.44,2
18,7,2298.93,0
18,5,1422.52,0
311,6,319.5,2
142,4,1300.25,0
246,1,484.95,2
24,4,996.1,0
29,3,1567.48,0
10,3,3609.33,0
30,10,2760.56,0
18,1,340.11,0
18,4,1352.75,0
15,5,1551.78,0
134,1,244.8,0
246,1,266.4,2
134,1,358.82,0
50,2,457.72,0
114,3,1633.78,0
7,2,2199.31,0
23,2,184.19,0
25,15,11528.48,5
66,1,406.53,0
60,4,1471.0,0
50,11,3447.4,0
170,1,330.11,2
18,5,977.93,0
128,3,982.42,0
15,8,1387.99,0
239,1,139.05,2
3,4,1286.7,0
240,2,178.96,2
52,7,2354.25,0
46,1,498.74,0
226,1,259.45,2
8,17,6580.44,5
4,4,1194.73,0
165,2,1327.16,2
240,1,623.5,2
11,1,301.29,0
134,1,520.8000000000001,0
17,10,5314.47,0
10,13,4745.69,5
31,1,329.25,0
75,1,296.42,0
1,3,961.49,0
4,3,1936.07,0
45,1,401.4,0
2,30,18641.01,5
357,1,158.16,2
18,2,304.47,0
69,3,843.05,0
373,1,487.75,2
321,1,163.0,2
26,1,106.56,0
331,1,1289.5,2
9,5,1624.05,0
323,1,135.75,2
72,1,224.14,0
260,1,40.5,2
18,5,2206.95,0
367,1,87.5,2
66,3,689.4799999999999,0
154,2,622.85,2
29,2,406.76,0
70,1,310.62,0
14,2,411.41,0
2,16,4777.18,5
1,41,16225.39,5
120,3,1044.32,0
61,1,499.32,0
3,15,7616.53,5
3,1,3861.0,0
11,3,1079.61,0
92,2,193.64,0
59,4,1268.7,0
87,5,1236.54,0
26,6,1827.8,0
357,1,316.58,2
85,2,653.24,0
10,4,420.3,0
1,5,870.12,0
225,1,331.18,2
60,2,894.4100000000001,0
241,1,101.8,2
319,2,328.35,2
2,8,1661.44,0
47,3,734.94,0
88,1,96.6,0
11,11,5756.89,5
176,1,305.75,2
52,6,1778.96,0
366,1,403.25,2
319,1,585.0,2
226,2,755.75,2
358,2,322.08,2
234,1,409.4,2
311,1,154.41,2
37,5,1219.4,0
66,4,3386.71,0
239,2,429.6,2
113,2,612.06,0
277,1,197.0,2
218,12,2247.51,2
299,1,321.05,2
2,4,1412.32,0
29,3,1071.99,0
10,2,780.59,0
45,5,1706.57,0
67,8,1756.44,0
74,1,316.68,0
65,2,631.57,0
134,3,2515.84,0
238,2,514.15,2
122,1,356.0,0
32,13,6688.46,5
9,11,10484.99,5
36,2,740.78,0
16,5,918.2,0
127,1,300.36,0
67,1,890.85,0
149,1,98.45,2
283,1,317.15,2
169,2,623.16,2
100,7,1810.77,0
135,1,254.82,2
324,1,178.95000000000002,2
107,1,156.51,0
64,1,393.74,0
151,2,1506.12,2
338,1,119.3,2
22,5,1717.36,0
24,1,408.8,0
16,7,2379.49,0
7,15,2507.07,5
57,2,721.94,0
4,2,716.57,0
38,1,615.14,0
66,1,135.31,0
47,1,255.9,0
355,1,290.51,2
172,1,113.12,2
59,9,2332.15,0
50,1,240.55,0
22,2,486.69,0
43,5,2306.52,0
29,3,939.78,0
5,18,7943.22,5
26,15,4668.3,5
201,1,180.94,2
51,6,3672.86,0
10,3,641.94,1
2,12,4799.9,5
67,7,4507.01,0
64,1,496.44,1
51,12,5070.35,5
290,1,574.02,2
61,8,694.4000000000001,1
64,3,1174.35,1
96,1,205.3,1
274,1,310.47,2
1,91,60767.9,3
75,4,924.85,1
110,1,52.0,1
199,1,327.97,2
64,2,570.5,1
327,1,165.0,2
4,1,312.62,1
284,1,204.5,2
44,1,267.13,1
71,3,2748.31,1
86,1,679.68,1
104,1,162.29,1
334,1,311.71,2
53,1,208.75,1
39,3,1049.7,1
32,2,714.96,1
366,4,1661.06,2
208,1,1028.56,2
157,3,351.67,2
54,1,173.97,1
66,2,574.07,1
81,1,2020.52,1
130,1,406.09,1
87,1,364.5,1
1,3,563.94,1
46,1,393.54,1
333,1,252.42,2
366,1,201.6,2
72,1,158.04,1
158,2,473.81,2
373,1,115.65,2
12,7,1960.11,1
255,2,777.02,2
29,2,277.05,1
31,10,2766.5,1
5,22,8347.2,5
40,1,427.93,1
362,1,418.92,2
373,1,326.0,2
96,2,913.19,1
26,7,2314.32,1
75,2,602.51,1
57,4,1877.59,1
21,1,446.94000000000005,1
41,7,2386.05,1
137,1,2007.4,2
8,12,2415.91,5
129,1,168.0,1
40,3,1233.36,1
169,7,3703.29,2
9,5,1690.2600000000002,1
214,2,596.85,2
15,6,5955.71,1
170,2,642.41,2
40,1,316.88,1
186,1,394.14,2
270,1,140.54,2
172,1,500.0,2
5,4,1535.53,1
16,2,231.86,1
10,4,2183.54,1
326,1,107.45,2
113,1,288.18,1
290,1,94.0,2
16,2,1345.53,1
1,3,815.77,1
92,5,716.2,1
149,2,626.77,2
189,1,349.1,2
31,2,510.71,1
34,4,1056.44,1
264,1,267.18,2
84,8,3450.84,1
26,4,1358.88,1
171,1,190.53,2
10,3,774.9000000000001,1
313,1,572.8100000000001,2
65,4,3984.32,1
85,1,508.8,1
25,1,135.86,1
59,4,950.36,1
323,2,97.7,2
38,1,43.5,1
254,2,383.34,2
19,5,1447.39,1
33,3,1483.14,1
15,1,93.78,1
27,2,397.35,1
23,1,171.19,1
214,2,533.3,2
8,5,1041.48,1
22,1,149.29,1
12,3,1122.53,1
262,1,200.16,2
131,1,156.57999999999998,1
55,3,383.68,1
249,1,594.0,2
2,7,3236.91,1
9,2,1418.26,1
264,1,113.5,2
331,1,155.17,2
313,1,494.64,2
26,3,974.52,1
30,1,429.84,1
30,3,538.73,1
2,7,1388.37,1
362,1,179.1,2
283,3,447.22,2
262,1,237.07,2
25,1,161.64,1
354,1,216.76,2
94,3,234.6,1
29,1,126.14,1
338,1,1048.85,2
20,18,7354.62,5
85,1,334.53,1
9,3,524.88,1
51,2,467.51,1
50,2,538.55,1
2,1,469.48,1
113,1,371.56,1
14,7,1771.2,1
77,1,454.11,1
40,2,1441.42,1
116,1,905.5,1
16,12,11054.96,5
161,4,233.81,2
1,4,3594.31,1
30,3,2575.0,1
93,1,91.32,1
23,3,1134.28,1
95,6,3100.09,1
28,2,659.4599999999999,1
33,5,2001.8,1
21,2,1299.23,1
18,2,1262.2,1
3,27,13316.4,5
8,4,1131.56,1
16,12,10384.93,5
363,1,147.09,2
81,1,52.83,1
53,5,3610.96,1
23,3,979.26,1
172,1,492.36,2
189,6,1000.27,2
331,1,250.0,2
12,5,909.23,1
156,2,121.0,2
33,19,14758.22,5
12,11,4139.46,1
45,3,62.43,1
233,1,267.03,2
64,8,1942.45,1
2,1,343.5,1
40,8,3000.2,1
33,2,398.84,1
84,1,412.0100000000001,1
25,1,440.0,1
2,3,825.92,1
33,2,148.44,1
19,8,2429.78,1
254,1,229.33,2
23,11,3995.23,1
22,4,1502.35,1
8,2,2007.44,1
25,4,1580.93,1
19,3,807.57,1
173,4,536.4,2
163,1,110.92,2
7,1,538.46,1
11,1,213.3,1
114,1,85.13000000000001,1
288,1,127.86,2
9,9,3546.71,1
54,2,292.72,1
7,14,4954.84,5
77,3,1693.26,1
4,4,575.63,1
37,1,436.06,1
217,1,90.12,2
60,1,437.23,1
278,1,217.2,2
12,16,4805.17,5
24,1,279.77,1
29,1,473.65,1
12,4,800.59,1
352,1,134.55,2
22,4,1400.44,1
50,2,173.16,1
19,1,186.01,1
3,3,758.29,1
104,5,1375.71,1
7,12,4165.52,5
12,4,650.4300000000001,1
5,7,2552.86,1
32,2,607.45,1
178,4,702.25,2
38,1,940.67,1
151,3,258.88,2
162,1,127.1,2
69,2,348.6,1
121,13,3679.97,1
25,3,682.9100000000001,1
24,4,725.11,1
177,1,455.3,2
50,4,913.68,1
256,3,478.53,2
47,1,388.58,1
71,1,199.8,1
16,5,1771.78,1
101,5,1406.59,1
35,1,324.57,1
53,1,240.68,1
27,2,761.74,1
11,14,6776.56,5
8,9,1297.87,1
79,1,48.48,1
52,1,216.39,1
36,5,1198.23,1
61,9,2920.16,1
337,1,104.76,2
28,4,1093.68,1
184,1,298.48,2
52,1,112.46,1
10,13,1591.45,5
36,2,195.15,1
10,23,10399.74,5
33,4,776.851,1
11,1,336.40000000000003,1
57,3,1553.18,1
4,4,1293.03,1
43,9,3709.56,1
141,1,301.03,1
117,4,588.13,1
104,4,1534.26,1
75,2,675.8,1
5,9,2870.24,1
45,2,1186.35,1
16,8,3285.31,1
17,1,243.55,1
90,2,724.76,1
53,1,223.36,1
134,1,425.32,1
4,15,12515.66,5
105,4,1887.2,1
192,3,664.0,2
166,4,813.0,2
19,1,612.01,1
158,3,447.64,2
204,2,657.35,2
336,2,816.0,2
37,3,646.3,1
91,1,337.74,1
93,2,877.4399999999999,1
9,2,922.53,1
243,1,560.67,2
45,4,748.5,1
23,1,30.0,1
190,5,1024.1,2
44,1,306.45,1
25,9,1600.86,1
317,2,309.8,2
106,1,138.14,1
51,1,386.43,1
168,2,2242.01,2
40,1,301.32,1
218,1,76.32000000000001,2
40,4,684.34,1
297,1,173.05,2
19,7,2657.13,1
88,4,2881.02,1
73,5,2446.6,1
81,3,323.69,1
19,3,3435.76,1
49,1,657.23,1
53,1,352.7,1
24,4,781.28,1
9,3,1333.68,1
25,5,1426.16,1
117,1,193.75,1
9,9,2993.1,1
120,2,254.1,1
4,2,239.76,1
252,1,136.8,2
28,1,191.04,1
1,14,6479.4,5
267,2,409.98,2
33,8,2736.46,1
18,1,309.65,1
172,2,696.68,2
2,4,1542.14,1
265,1,211.5,2
140,4,2293.62,1
201,1,143.1,2
64,4,1060.56,1
35,4,945.58,1
41,7,3364.24,1
284,1,133.25,2
9,5,1072.36,1
143,2,356.7,1
12,2,330.88,1
146,4,1118.81,1
234,1,150.3,2
33,13,5045.61,5
24,1,598.73,1
12,1,507.08,1
36,5,2222.56,1
365,1,203.1,2
201,2,218.25,2
15,1,415.25,1
17,7,5178.96,1
213,1,85.0,2
66,3,1120.88,1
212,2,294.12,2
283,1,162.3,2
115,2,1339.45,1
15,8,1205.12,1
19,16,4812.42,5
66,1,449.12,1
49,1,154.88,1
16,4,784.46,1
78,1,34.8,1
19,4,1094.59,1
134,1,196.88,1
13,3,974.04,1
40,1,149.31,1
235,3,44534.3,2
3,8,2465.48,1
40,7,2637.38,1
305,1,79.2,2
51,3,458.57,1
10,6,2364.25,1
61,4,532.96,1
66,2,714.42,1
25,1,205.25,1
218,3,253.04,2
65,2,583.75,1
32,2,1086.92,1
88,6,3279.97,1
64,1,315.06,1
116,3,621.8299999999999,1
7,26,56252.72,4
6,1,635.6800000000001,1
69,1,270.8,1
245,1,104.9,2
133,1,241.62,1
241,4,1047.11,2
184,3,475.28,2
25,3,345.46,1
10,3,2614.74,1
11,1,246.3,1
33,5,2328.9700000000003,1
46,3,4932.2,1
26,3,948.05,1
358,1,351.3,2
10,1,220.85,1
44,2,1612.69,1
15,3,965.61,1
150,1,610.01,2
1,8,2711.56,1
113,4,2207.4,1
76,3,884.14,1
107,2,699.08,1
46,3,1063.95,1
143,1,451.42,1
51,1,415.8200000000001,1
1,13,4206.39,5
23,17,5528.4800000000005,5
46,3,784.58,1
50,3,903.9,1
306,4,3734.97,2
36,5,515.77,1
79,4,1391.98,1
22,6,2218.62,1
107,5,1801.14,1
208,2,1303.91,2
17,4,1945.33,1
64,5,2100.6,1
49,4,1905.45,1
320,1,206.98,2
44,2,570.96,1
3,2,885.47,1
372,1,15.0,2
172,1,532.94,2
56,3,1654.31,1
73,14,1836.09,5
99,2,636.14,1
38,1,576.0,1
58,3,801.76,1
254,1,836.79,2
70,4,2233.75,1
44,4,954.09,1
50,1,137.37,1
65,1,391.98,1
11,19,33643.08,5
33,3,1048.49,1
59,2,355.56,1
73,4,1224.06,1
304,1,118.95000000000002,2
46,1,130.73999999999998,1
18,8,3711.77,1
38,2,389.27,1
19,2,238.85,1
187,2,160.71,2
52,1,110.8,1
4,12,2974.65,1
137,5,712.24,1
4,27,16387.57,5
19,1,297.0,1
16,5,1438.85,1
41,8,977.21,1
12,8,3165.36,1
8,4,832.88,1
26,2,68.84,1
22,6,1936.32,1
41,3,895.13,1
101,1,230.53,1
5,15,3812.64,5
277,2,149.64,2
33,1,354.09000000000003,1
15,2,360.93,1
64,7,4405.88,1
2,2,493.28,1
369,1,343.28000000000003,2
312,5,501.39,2
199,4,516.36,2
2,2,396.48,1
93,3,379.35,1
60,1,181.09,1
81,1,168.31,1
157,2,446.87,2
227,1,524.52,2
253,2,263.55,2
150,1,179.17,2
194,2,222.05,2
1,5,1388.88,1
369,1,56.25,2
24,1,351.11,1
17,3,363.88,1
10,7,5126.76,1
8,1,164.68,1
20,7,1567.69,1
4,3,967.45,1
174,1,191.94,2
1,8,1232.18,1
178,2,264.62,2
16,8,1528.09,1
248,1,123.1,2
191,2,334.23,2
20,2,639.89,1
154,4,167.5,2
173,1,336.03000000000003,2
373,1,369.5,2
373,1,127.08,2
194,1,207.15,2
67,1,426.63,1
4,8,2495.87,1
21,3,1107.46,1
239,2,416.86,2
64,1,145.35,1
112,5,404.58,1
90,15,6115.01,5
311,1,35.8,2
134,1,337.44,1
277,1,325.1,2
365,1,181.0,2
83,1,1708.24,1
8,2,955.24,1
17,2,364.72,1
32,4,1765.51,1
9,2,708.22,1
34,4,806.57,1
15,8,1659.38,1
24,14,4416.26,5
32,1,428.89,1
74,1,104.35,1
20,2,470.76,1
17,4,845.64,1
23,2,418.83,1
3,3,666.1,1
304,1,314.1,2
18,12,4199.85,1
367,1,307.82000000000005,2
39,7,3442.15,1
84,1,371.01,1
165,2,430.94,2
17,2,1054.73,1
77,1,1098.78,1
89,3,2398.86,1
25,8,3408.48,1
22,4,1475.02,1
3,10,2837.67,1
123,2,1142.42,1
30,1,168.12,1
12,7,1451.28,1
19,1,158.03,1
44,2,792.11,1
4,1,41.99,1
9,7,2797.57,1
55,1,427.07,1
88,6,1060.68,1
37,5,3089.97,1
3,3,12393.7,1
30,5,2735.37,1
12,4,615.39,1
211,1,101.4,2
48,4,1701.94,1
24,3,478.78,1
22,4,992.71,1
246,3,407.5,2
8,16,3362.71,5
35,3,1415.29,1
4,47,37130.6,5
38,3,662.38,1
4,3,705.39,1
3,8,1508.76,1
47,1,211.88,1
39,2,408.9,1
47,9,3786.24,1
17,3,851.01,1
260,1,628.28,2
46,3,719.81,1
12,1,251.24,1
30,1,439.66,1
43,1,236.09,1
92,6,934.62,1
39,63,81024.84,4
310,1,331.24,2
92,2,548.94,1
6,20,8816.4,5
196,3,437.7,2
87,2,758.92,1
270,3,855.02,2
8,3,471.78,1
65,3,1313.55,1
31,3,3166.4,1
22,5,1197.27,1
38,4,773.99,1
120,4,1340.7,1
373,2,256.44,2
40,3,1111.79,1
174,1,137.9,2
54,1,362.06,1
33,2,1511.95,1
145,1,783.9,1
221,1,134.8,2
45,1,664.85,1
16,7,2263.12,1
66,6,1459.86,1
10,4,1153.62,1
260,1,335.32,2
365,1,372.09,2
17,5,1521.87,1
22,2,852.15,1
45,1,326.24,1
288,1,584.3199999999999,2
297,1,122.4,2
3,10,2234.73,1
284,1,79.2,2
17,3,1352.0,1
82,2,217.16,1
56,5,2806.9,1
101,2,1317.62,1
299,1,436.18,2
23,5,981.51,1
59,5,1121.39,1
155,2,315.06,2
115,3,817.86,1
107,1,17.0,1
12,4,1078.23,1
264,1,320.62,2
240,1,185.05,2
88,7,2005.63,1
50,3,731.9,1
71,1,1290.7,1
42,3,1842.14,1
7,6,1429.64,1
62,1,302.36,1
249,1,336.96,2
66,1,108.38,1
18,7,3204.1600000000003,1
85,1,842.5,1
219,2,611.88,2
45,3,1337.48,1
143,4,195.74,1
183,1,161.38,2
171,1,135.75000000000003,2
10,8,1667.97,1
212,1,612.78,2
190,1,232.21,2
8,2,423.36,1
59,4,1309.14,1
57,2,867.11,1
73,4,684.4200000000001,1
52,1,307.78,1
317,1,249.0,2
367,1,289.35,2
29,4,6287.77,1
39,1,656.25,1
18,5,1880.22,1
52,6,3506.54,1
4,33,14589.04,5
22,2,618.09,1
263,1,517.55,2
60,3,709.38,1
19,3,635.41,1
66,2,725.18,1
88,1,620.4,1
250,1,535.34,2
3,6,2424.94,1
247,1,175.2,2
9,11,3799.49,1
157,3,734.13,1
134,1,375.0,1
296,1,76.32000000000001,2
5,2,280.52,1
43,5,2053.02,1
269,1,1829.04,2
50,5,1824.23,1
9,9,3122.04,1
16,3,656.69,1
282,1,348.2,2
65,2,1025.44,1
2,19,5575.56,5
252,1,37.4,2
232,2,856.6,2
17,3,822.48,1
11,27,3787.6,5
8,4,1822.97,1
51,6,1885.05,1
59,1,73.2,1
95,5,1140.21,1
16,6,1418.32,1
126,3,1009.55,1
94,4,1037.59,1
50,1,331.95,1
138,1,197.9,1
61,1,215.83,1
100,8,10254.18,1
73,1,305.54,1
72,4,6617.65,1
67,1,338.71000000000004,1
64,6,1158.79,1
17,2,529.41,1
23,12,4006.94,1
32,15,6911.4400000000005,5
45,4,981.86,1
16,2,215.48,1
40,1,215.08,1
3,13,5180.52,5
237,1,314.45,2
75,1,400.681,1
4,2,1080.62,1
3,4,1863.47,1
361,1,365.27,2
59,4,592.9,1
23,1,405.71,1
31,4,761.38,1
55,4,537.0600000000001,1
25,1,394.38,1
45,2,664.26,1
89,5,2262.62,1
2,18,21086.3,5
89,1,547.02,1
19,2,690.34,1
79,1,159.0,1
171,3,1062.75,2
81,1,242.35,1
267,1,914.93,2
235,2,304.25,2
30,7,3084.68,1
37,3,864.86,1
318,1,846.72,2
57,4,1295.3,1
45,5,1096.32,1
203,3,255.12,2
225,1,314.22,2
87,2,1010.6,1
190,2,542.03,2
44,4,990.88,1
71,3,536.6800000000001,1
41,5,867.31,1
78,1,432.2,1
57,2,414.2,1
24,2,3718.8,1
10,13,2607.87,1
8,7,3603.21,1
34,2,409.1,1
212,2,1522.75,2
24,3,1413.66,1
170,1,114.56,2
62,1,152.94,1
53,5,1800.07,1
261,2,389.44,2
67,2,3683.86,1
17,8,2619.91,1
267,1,752.4300000000001,2
177,1,46.95,2
45,5,5203.51,1
51,1,1035.45,1
17,4,746.83,1
9,9,5447.0,1
74,7,861.89,1
71,2,667.65,1
353,1,1141.24,2
3,5,1429.24,1
117,1,411.7,1
373,1,357.95,2
197,1,559.87,2
177,1,810.6000000000001,2
100,1,566.38,1
21,3,1509.58,1
72,1,2062.06,1
340,1,168.3,2
6,5,1570.81,1
31,2,823.97,1
170,1,142.5,2
122,1,302.25,1
22,10,2248.99,1
10,4,1328.55,1
269,1,301.9,2
23,3,598.2,1
127,1,233.22,1
26,3,5360.63,1
139,1,361.22,1
214,6,632.27,2
38,4,2560.0,1
106,2,706.57,1
18,2,616.26,1
3,2,274.15000000000003,1
331,1,226.37,2
64,8,2938.91,1
120,3,1341.65,1
35,1,328.15,1
218,1,404.4,2
172,2,1038.46,2
72,5,373.65,1
1,2,326.75,1
196,1,207.50000000000003,2
128,3,428.68,1
47,3,594.24,1
6,14,3110.96,5
14,6,3844.22,1
18,3,251.91,1
28,7,1593.2,1
8,22,26626.8,5
37,1,151.05,1
157,1,214.8,1
284,1,109.95,2
107,1,549.07,1
25,4,1971.87,1
75,4,322.41,1
16,2,370.48,1
158,1,101.1,1
44,1,575.41,1
11,2,887.65,1
32,7,1469.45,1
291,1,53.5,2
21,4,1116.47,1
333,1,153.9,2
18,2,494.44,1
4,23,6675.71,5
63,2,395.8,1
198,3,211.77,2
33,3,658.88,1
1,4,2027.5,1
7,9,1750.92,1
5,6,3512.53,1
10,4,896.66,1
32,5,734.77,1
53,1,109.36,1
12,2,707.04,1
18,9,1540.42,1
19,1,327.3,1
37,2,804.49,1
2,2,497.43,1
18,3,1553.66,1
82,4,1320.56,1
33,2,367.93,1
66,2,473.03,1
9,2,987.01,1
267,1,676.2,2
247,3,362.95,2
4,4,2157.4,1
61,1,1780.59,1
75,2,668.36,1
90,2,584.5,1
60,3,555.89,1
29,2,317.2,1
323,1,94.36,2
53,4,1382.07,1
270,1,221.19,2
2,13,3046.21,1
57,5,1555.34,1
61,5,1486.9,1
154,2,1705.8,1
19,2,408.57,1
95,1,303.93,1
1,12,4098.32,1
265,2,299.6,2
312,1,177.5,2
70,1,443.05,1
302,2,167.25,2
19,1,163.07,1
13,10,2126.93,1
36,5,2028.88,1
19,2,214.65,1
54,1,151.83,1
57,1,262.2,1
22,2,126.25,1
44,1,210.35,1
27,3,1051.4,1
45,3,675.27,1
113,6,972.23,1
17,51,34684.4,5
25,1,346.12,1
191,1,133.56,2
302,1,302.7,2
2,10,1908.25,1
263,2,241.06,2
106,1,284.55,1
57,1,300.85,1
213,3,642.81,2
64,1,287.4,1
28,1,184.26,1
29,7,1522.25,1
6,5,798.35,1
8,5,3640.67,1
67,2,381.2,1
2,3,616.79,1
46,4,654.67,1
34,1,230.51,1
1,2,168472.5,4
136,1,259.01,1
198,1,188.89,2
198,2,707.69,2
150,1,311.92,1
88,1,266.97,1
45,2,6.9,1
64,7,1841.18,1
99,5,2158.37,1
218,1,208.36,2
3,18,3482.74,5
28,3,814.72,1
178,1,151.42,2
74,3,136.0,1
21,4,1422.4,1
20,3,1314.68,1
34,7,1603.46,1
74,1,74.9,1
24,4,650.43,1
52,4,762.39,1
275,1,223.95,2
165,3,316.11,1
7,7,1871.5,1
88,4,544.3,1
64,7,2494.46,1
25,3,331.0,1
10,2,300.83,1
76,1,769.29,1
16,1,220.62,1
192,1,139.35,2
174,2,404.3,2
77,1,363.65,1
33,3,498.8,1
47,1,731.5,1
80,4,1351.63,1
297,1,826.53,2
3,3,684.41,1
9,3,1599.52,1
50,6,2965.69,1
161,2,100.97,1
360,2,365.45,2
5,6,400.86,1
107,4,1431.93,1
25,1,484.38,1
32,1,777.6,1
20,2,90.3,1
297,1,363.7,2
372,1,248.1,2
22,3,950.26,1
5,4,874.59,1
52,5,1627.13,1
30,1,101.7,1
277,1,162.7,2
61,2,484.32,1
25,2,215.08,1
186,3,1046.57,2
2,21,9418.47,5
2,26,13027.45,5
172,1,290.36,2
81,1,228.06,1
4,1,244.41,1
190,1,455.25,2
22,7,1244.59,1
18,3,6748.8,1
19,3,1095.56,1
5,1,593.75,1
110,1,548.97,1
3,4,1388.81,1
54,1,119.62,1
165,1,339.3,2
291,2,787.15,2
10,10,4154.64,1
109,5,2298.97,1
96,3,922.12,1
243,2,379.73,2
163,12,5719.82,1
42,3,837.1,1
35,2,285.89,1
67,7,3313.79,1
24,2,281.85,1
1,20,8338.49,5
27,2,841.41,1
6,2,511.12,1
54,1,1077.74,1
364,1,173.7,2
15,5,614.66,1
194,2,865.6,2
3,1,124.2,1
15,10,3738.4,1
27,3,1421.69,1
127,3,1009.6,1
85,2,663.61,1
71,1,451.44,1
183,1,105.84,2
113,1,313.62,1
374,1,233.45,2
80,2,936.08,1
249,1,463.95,2
232,1,225.15,2
71,3,459.24,1
69,1,213.5,1
4,16,4113.68,5
51,3,330.03,1
75,1,181.09,1
61,1,360.16,1
16,2,250.15,1
4,1,90.04,1
286,1,145.04999999999998,2
4,6,813.52,1
41,1,244.8,1
36,1,528.08,1
75,2,482.47,1
18,14,3347.71,5
15,7,5493.46,1
219,1,75.66,2
186,1,129.49,2
33,4,1187.66,1
70,1,618.59,1
183,1,506.19,2
15,2,500.42,1
236,1,151.85,2
31,5,2647.59,1
264,1,226.21,2
4,2,178.96,1
52,4,813.48,1
246,1,129.45,2
81,2,810.5699999999999,1
275,1,333.08,2
1,17,4413.1,5
79,1,322.8,1
30,5,2188.05,1
74,2,417.73,1
17,6,2883.1,1
223,2,217.9,2
32,4,1154.47,1
23,10,1680.72,1
31,3,1257.51,1
106,1,231.1,1
5,2,688.33,1
246,1,487.51,2
178,2,833.78,2
170,2,214.06,2
43,1,290.66,1
72,1,518.42,1
59,7,6773.97,1
16,2,1212.66,1
141,4,601.27,1
18,6,3794.52,1
22,15,8625.8,5
10,4,933.62,1
368,1,123.24,2
189,1,39.12,2
16,4,1267.65,1
362,1,135.39999999999998,2
19,1,118.98,1
68,2,570.13,1
15,6,306.72,1
24,3,1374.87,1
17,11,4095.9,1
28,3,1692.27,1
2,20,8134.94,5
55,2,319.61,1
34,4,1592.12,1
3,12,3109.99,1
366,1,129.75,2
43,1,183.7,1
73,6,1770.34,1
5,5,1028.0,1
4,28,66653.56,4
61,2,324.24,1
47,7,3062.83,1
1,4,1260.86,1
76,2,422.6,1
72,2,225.58,1
256,2,1276.0,2
69,2,482.01,1
135,4,657.9000000000001,1
241,1,112.75,2
227,2,1998.0,2
9,13,5076.55,1
9,13,5398.3,1
1,20,14034.99,5
37,3,531.35,1
46,1,656.63,1
85,5,3029.87,1
19,10,2483.04,1
3,5,1651.03,1
9,11,3645.43,1
19,15,6923.13,5
219,3,1161.53,2
78,1,301.72,1
267,2,901.2,2
24,6,3858.38,1
369,1,623.75,2
15,7,1790.42,1
26,1,155.24,1
262,1,292.47,2
17,13,4730.81,1
91,2,589.15,1
302,7,781.02,2
26,5,1382.02,1
364,1,272.82,2
46,4,1054.67,1
38,21,7239.92,5
52,3,743.11,1
32,1,603.75,1
52,3,650.51,1
79,5,2300.56,1
53,1,417.6,1
298,1,3.75,2
177,1,323.0,2
47,1,464.9,1
29,7,2238.09,1
11,7,1304.76,1
87,17,7194.3,5
5,18,6697.66,5
38,2,836.06,1
18,5,1515.9,1
45,5,623.93,1
31,1,1764.72,1
373,1,207.5,2
58,1,223.92,1
372,1,2002.4,2
114,3,1496.83,1
215,1,239.4,2
319,1,106.83,2
65,1,369.34,1
8,3,789.79,1
97,1,316.62,1
20,3,1501.38,1
199,1,611.85,2
4,13,2799.25,1
294,1,34.0,2
273,2,1145.6,2
31,11,5580.6,1
48,3,478.09,1
260,1,380.39,2
58,5,770.1,1
33,5,2246.81,1
57,1,171.59,1
68,4,661.52,1
10,11,1695.66,1
60,1,388.28,1
80,2,226.35,1
74,2,245.94,1
2,22,10629.72,5
100,2,425.19,1
372,1,311.25,2
10,13,2279.9,1
20,1,107.6,1
123,2,597.48,1
8,1,80.8,1
4,6,1545.62,1
29,7,1721.78,1
282,2,110.38,2
57,1,243.84,1
1,10,1222.71,1
365,1,414.88,2
89,1,305.62,1
11,1,1201.49,1
163,4,1619.73,1
65,1,332.3,1
23,3,536.99,1
174,2,460.59,2
103,4,801.49,1
143,3,1121.59,1
99,2,288.42,1
23,5,914.69,1
192,1,309.54,2
5,2,547.07,1
361,1,479.35,2
8,10,1692.98,1
14,21,6509.1,5
103,4,417.06,1
3,9,1604.75,1
11,11,3349.57,1
96,1,497.61,1
227,1,358.38,2
16,2,460.64,1
39,2,775.1800000000001,1
51,1,341.7,1
93,2,128.5,1
157,1,197.22,1
39,1,325.91,1
184,3,199.15,2
1,4,1106.53,1
228,1,413.46,2
128,2,180.85,1
40,2,251.87,1
31,11,3170.98,1
197,2,588.85,2
9,34,16594.35,5
37,6,1869.82,1
101,3,1264.19,1
43,16,10196.57,5
50,1,214.32,1
43,1,193.44,1
53,1,281.42,1
187,1,124.57,2
334,1,332.41,2
4,3,342.45,1
10,2,144.91000000000005,1
24,2,328.4,1
15,1,35.400000000000006,1
369,1,375.69000000000005,2
145,2,747.81,1
60,2,173.76,1
31,2,502.8,1
141,3,207.74,1
23,4,825.42,1
22,6,2812.34,1
77,3,680.02,1
5,6,7123.62,1
67,5,2095.53,1
12,6,853.72,1
84,1,13.3,1
31,7,1519.08,1
67,1,432.0,1
67,3,705.12,1
187,2,276.73,2
38,2,429.84,1
15,3,471.51,1
35,1,194.88,1
195,3,1578.67,2
2,5,809.7,1
1,5,525.54,1
367,1,145.93,2
65,1,219.14,1
299,2,289.78,2
26,3,508.81,1
8,6,1281.56,1
17,3,887.11,1
116,1,1706.88,1
29,1,373.24,1
4,16,3754.27,5
5,7,3102.43,1
82,4,579.77,1
29,5,981.65,1
72,1,379.14,1
4,8,1510.06,1
29,11,2575.38,1
290,1,113.44,2
36,1,208.46,1
9,6,621.6800000000001,1
24,2,576.26,1
277,1,391.52,2
50,6,1068.82,1
156,11,2596.45,1
61,1,169.79,1
12,19,7247.61,5
21,3,846.75,1
371,1,230.25,2
116,3,543.05,1
80,17,2847.6,5
4,7,1295.39,1
26,3,380.55,1
5,21,4604.22,5
53,1,161.94,1
1,2,563.23,1
55,2,950.93,1
26,1,262.68,1
9,4,2736.38,1
52,3,3049.88,1
13,9,1920.59,1
212,3,816.73,2
22,19,4345.5,5
236,1,406.48,2
139,3,435.02,1
4,6,1286.27,1
57,3,1178.56,1
135,3,1277.75,1
109,2,167.61,1
30,1,20.8,1
1,9,2085.08,1
185,4,518.67,2
18,1,308.74,1
239,2,416.64,2
87,1,117.35,1
39,3,507.05,1
116,1,234.17,1
187,1,110.55,2
227,1,201.19,2
8,7,2154.97,1
189,1,319.02,2
4,2,439.43,1
39,3,650.41,1
38,1,357.21,1
267,1,251.52,2
78,1,344.33,1
4,6,1852.0,1
255,2,1078.96,2
61,1,384.06,1
13,7,1931.25,1
88,2,4481.35,1
17,10,5464.12,1
30,2,1873.2,1
3,7,1625.05,1
5,1,126.12,1
7,6,1133.25,1
219,1,179.0,2
11,5,1614.31,1
30,6,1456.96,1
288,3,702.0,2
150,4,295.0,1
23,2,484.82,1
1,11,3989.57,1
86,3,1493.73,1
46,2,1412.94,1
5,4,781.78,1
51,6,889.9300000000001,1
18,1,195.36,1
30,1,270.9,1
8,3,586.33,1
29,3,1842.56,1
3,20,8694.26,5
41,2,920.1,1
11,4,1272.61,1
31,1,71.0,1
45,3,95.85,1
61,3,357.77,1
185,2,154.82999999999998,2
79,6,890.29,1
111,2,716.0,1
64,1,146.87,1
12,2,380.35,1
86,3,1030.14,1
16,3,745.52,1
246,2,433.53,2
88,1,1267.32,1
30,1,112.4,1
138,1,449.73,1
27,3,1081.57,1
3,5,1044.38,1
32,4,1735.18,1
25,1,948.48,1
113,3,339.44,1
157,1,642.02,1
85,3,1100.9,1
118,3,925.35,1
3,9,5659.9800000000005,1
96,6,3228.84,1
194,1,247.14,2
28,1,413.75,1
131,1,498.48,1
28,5,1356.33,1
82,3,1179.89,1
30,5,3095.04,1
266,1,234.24,2
74,11,5232.2300000000005,1
314,4,538.37,2
21,7,1461.14,1
59,3,859.35,1
12,21,4552.14,5
28,9,2709.7000000000003,1
114,1,312.14,1
28,9,2429.03,1
18,4,1446.09,1
18,4,834.12,1
36,3,841.0799999999999,1
36,2,378.2,1
78,1,118.8,1
22,2,287.62,1
25,2,290.16,1
33,2,2003.85,1
109,3,1405.78,1
35,2,2949.75,1
123,5,1566.65,1
7,6,2050.08,1
28,4,1991.01,1
4,7,2043.95,1
3,9,3827.76,1
50,4,1777.78,1
322,1,302.0,2
23,3,1324.16,1
15,4,1022.13,1
2,8,954.42,1
18,2,971.74,1
10,4,1621.73,1
262,1,25.5,2
159,2,665.78,1
33,6,10815.43,1
29,6,885.04,1
165,1,163.29999999999998,1
47,1,248.61,1
6,8,808.62,1
8,3,837.5,1
288,1,116.2,2
318,1,157.02,2
3,2,606.91,1
233,1,307.46,2
119,1,138.32,1
162,1,345.29999999999995,1
185,1,298.89,2
50,1,259.35,1
152,5,1004.75,1
335,1,157.09,2
5,5,2463.17,1
16,7,4892.240000000001,1
107,2,425.0,1
16,7,1139.73,1
276,1,380.5,2
16,12,10668.47,1
247,1,465.32,2
239,1,579.0,2
1,2,984.57,1
106,3,749.78,1
23,4,1714.59,1
52,1,124.88,1
195,3,1689.5,2
24,1,213.78,1
75,1,329.34,1
18,2,251.7,1
8,2,319.0,1
32,3,1266.97,1
22,3,1538.88,1
31,6,3518.03,1
29,10,1715.46,1
22,2,293.1,1
33,7,2467.35,1
284,1,158.68,2
39,2,206.34,1
58,2,835.78,1
289,1,224.91,2
79,1,317.76,1
5,8,3766.6,1
218,1,59.9,2
44,4,1443.69,1
202,1,306.13,2
178,3,711.79,1
56,4,796.03,1
57,2,239.92,1
8,6,3347.31,1
47,2,144.0,1
227,1,203.95,2
11,7,2474.23,1
106,2,384.4,1
59,2,444.74,1
28,7,2095.13,1
36,7,1699.3000000000002,1
274,2,262.62,2
30,1,1013.01,1
24,3,692.22,1
54,1,342.63,1
36,6,3563.85,1
175,4,1564.56,1
54,1,384.08,1
53,1,204.24,1
27,8,2317.2200000000003,1
253,1,226.85,2
40,7,2781.23,1
60,6,1069.12,1
234,1,113.5,2
4,10,1960.72,1
32,1,114.23,1
24,14,3198.25,1
7,2,335.13,1
65,1,354.15,1
310,2,426.79,2
309,1,393.49,2
19,6,939.32,1
16,8,1906.09,1
96,2,318.76,1
264,8,3638.41,2
12,10,3174.32,1
3,2,421.52,1
35,1,190.88,1
183,1,149.89,2
25,2,550.06,1
13,6,916.13,1
11,2,314.69,1
3,17,3744.65,5
313,1,382.5,2
108,2,1135.04,1
1,26,8676.85,5
53,1,954.9,1
205,1,171.45,2
15,1,282.19,1
120,1,318.65,1
4,2,384.52,1
363,1,283.28000000000003,2
117,2,353.86,1
18,1,178.26,1
5,2,272.44,1
41,2,298.41,1
107,2,240.0,1
148,2,603.37,1
52,5,1253.36,1
208,1,63.440000000000005,2
139,2,562.9,1
2,3,310.64,1
127,2,317.62,1
108,4,763.64,1
42,4,2148.63,1
35,1,111.98,1
228,2,1065.35,2
241,1,246.04,2
58,1,187.83,1
130,3,1703.41,1
60,6,1652.58,1
22,1,153.92,1
26,7,1064.11,1
9,7,1419.73,1
32,3,944.41,1
4,2,525.24,1
308,1,550.8000000000001,2
8,9,1875.11,1
29,3,556.95,1
17,1,131.78,1
101,2,498.42,1
12,4,669.11,1
21,1,197.63,1
15,5,1135.63,1
361,1,250.04,2
11,19,8631.31,5
95,1,82.75,1
78,2,1384.85,1
139,3,644.3,1
31,1,2328.84,1
25,8,2527.92,1
2,38,6292.26,5
46,3,2600.34,1
100,3,1200.62,1
8,2,700.86,1
15,7,921.07,1
18,4,990.23,1
280,1,96.8,2
14,2,523.11,1
23,2,363.9,1
124,1,175.2,1
86,1,494.25,1
302,2,307.02,2
151,4,2027.87,1
17,8,6643.93,1
94,2,243.36,1
30,11,12353.29,1
157,3,781.36,1
355,1,193.64,2
46,1,160.57,1
15,4,537.74,1
4,15,2676.56,1
86,1,228.96,1
15,5,1159.52,1
179,1,110.75,1
8,4,1286.07,1
36,3,587.15,1
129,2,1740.0,1
51,1,1393.06,1
312,1,178.22,2
24,2,388.14,1
303,2,365.85,2
11,1,127.86,1
17,3,585.79,1
49,3,488.2,1
239,2,312.23,2
1,11,4481.18,1
13,8,4801.56,1
238,1,168.4,2
23,8,1912.67,1
73,4,446.18,1
17,3,423.89,1
41,8,1342.68,1
40,4,646.92,1
219,2,495.77,2
199,3,400.1,2
71,2,203.2,1
24,20,4100.92,5
11,1,404.66,1
9,29,20275.61,5
65,1,65.4,1
4,1,199.29,1
19,2,336.4,1
15,1,261.11,1
8,6,2686.42,1
20,2,784.11,1
78,4,1259.56,1
1,34,31833.68,5
164,2,508.8,1
307,2,457.91,2
219,1,203.87,2
39,8,7330.8,1
22,2,696.41,1
115,3,653.38,1
126,5,2129.96,1
5,13,2633.85,1
36,1,281.62,1
4,15,31906.82,5
1,3,1031.41,1
333,3,2200.42,2
163,1,32.65,1
185,2,771.85,1
16,5,1214.72,1
12,3,778.94,1
3,7,1258.06,1
44,2,778.0,1
80,1,507.84,1
30,7,6893.42,1
42,2,463.46,1
11,12,4226.57,1
50,3,598.83,1
16,6,1979.37,1
46,2,698.41,1
19,2,759.17,1
8,6,5037.26,1
72,1,100.8,1
1,28,17256.85,5
128,3,524.9200000000001,1
33,2,265.76,1
313,1,403.3,2
18,2,365.76,1
88,1,303.16,1
2,7,2373.82,1
2,2,216.3,1
254,1,388.4500000000001,2
157,3,186.42,1
37,6,2248.56,1
220,1,534.24,2
148,3,2940.04,1
177,2,120.9,1
40,2,541.53,1
2,7,2520.86,1
8,46,194550.79,6
1,7,1721.4,1
18,2,486.72,1
192,4,517.53,2
204,1,131.7,2
365,1,249.86,2
127,5,1737.7,1
15,1,316.5,1
43,2,657.3,1
94,6,622.4300000000001,1
23,3,757.46,1
60,2,675.69,1
16,5,1896.41,1
158,1,289.96000000000004,1
10,2,763.28,1
10,2,137.0,1
16,5,1870.97,1
45,5,1125.07,1
191,3,710.29,2
79,1,194.37,1
78,1,511.82,1
4,4,1255.59,1
65,3,414.04,1
261,1,396.87,2
59,2,376.64,1
1,7,2092.32,1
1,10,3558.87,1
248,1,374.57,2
8,2,497.56,1
359,1,271.05,2
76,1,272.22,1
290,1,622.88,2
17,3,1138.0,1
221,2,288.6,2
9,4,689.1,1
3,2,558.96,1
206,9,2997.03,2
162,2,1145.84,1
76,1,302.2,1
262,2,605.58,2
281,1,387.31,2
58,8,6115.14,1
25,1,308.48,1
3,31,91062.38,4
29,10,2924.99,1
72,1,513.2,1
128,1,208.65,1
31,4,639.02,1
15,5,768.08,1
309,1,153.94,2
17,6,1844.02,1
54,1,546.81,1
30,3,723.2099999999999,1
2,5,1070.71,1
11,4,652.74,1
361,1,145.0,2
360,1,422.7000000000001,2
5,4,1195.9,1
54,4,939.37,1
1,8,3628.5,1
1,10,2385.0,1
190,1,296.7,2
54,1,223.36,1
280,1,164.4,2
177,1,76.5,1
30,2,897.62,1
26,1,98.42,1
25,2,578.9,1
270,1,170.75,2
43,3,645.96,1
234,1,103.3,2
24,2,148.86,1
197,3,267.16,2
359,1,306.84,2
60,4,930.41,1
130,1,1487.6,1
1,5,1952.45,1
20,2,483.26,1
206,1,157.9,2
14,3,541.46,1
95,5,854.95,1
19,1,167.62,1
14,7,1122.38,1
24,3,454.01,1
8,2,901.21,1
7,8,4331.48,1
332,1,344.14,2
50,4,1498.51,1
71,4,226.75000000000003,1
29,3,380.6,1
243,1,185.65,2
8,19,3622.68,5
218,1,143.45999999999998,2
5,3,448.9,1
253,3,215.72,2
1,25,11045.04,5
236,1,175.27,2
7,2,1242.3,1
109,4,1133.07,1
100,3,1240.2,1
60,4,2404.17,1
2,3,1479.22,1
73,7,2225.9700000000003,1
4,5,3927.34,1
85,2,993.18,1
12,2,388.79,1
23,7,2827.93,1
214,1,2044.37,2
18,1,161.67000000000002,1
239,1,116.01,2
2,6,5102.97,1
78,1,394.72,1
217,2,309.36,2
33,2,193.42,1
41,5,1112.22,1
7,15,3984.22,1
53,6,2048.45,1
23,14,4559.150000000001,1
57,1,390.07,1
130,3,329.6,1
174,3,571.1999999999999,1
6,3,971.58,1
312,1,218.52,2
60,1,81.44,1
21,3,1379.9,1
33,1,527.0500000000001,1
15,2,843.48,1
18,4,2047.0,1
81,1,75.75,1
6,8,1814.12,1
170,2,503.6,1
2,3,528.33,1
31,4,1324.84,1
36,9,2361.9700000000003,1
19,1,285.56,1
31,2,547.0600000000001,1
276,1,108.5,2
87,1,621.66,1
120,2,712.29,1
373,1,101.55,2
1,11,2895.64,1
219,3,1008.39,2
65,1,133.06,1
61,4,1797.5,1
138,1,868.49,1
21,1,166.08,1
12,10,3945.0,1
25,12,4867.72,1
37,4,1207.56,1
277,1,117.55,2
11,7,2638.94,1
73,5,1674.69,1
26,2,595.42,1
17,12,2999.46,1
141,1,196.0,1
26,7,1802.91,1
19,2,604.64,1
4,2,728.16,1
66,5,2055.51,1
1,2,347.75,1
43,7,3406.7200000000003,1
228,1,205.7,2
16,4,1572.71,1
50,2,3178.17,1
2,6,1629.12,1
74,2,551.04,1
1,31,20374.28,5
4,6,1387.68,1
2,30,16363.23,5
264,1,298.11,2
53,2,1992.11,1
24,1,184.4,1
10,6,2474.33,1
44,1,239.41,1
17,7,3191.53,1
7,7,5739.46,1
30,15,4757.95,1
358,2,290.40000000000003,2
127,4,740.9399999999999,1
137,1,200.47,1
142,1,283.12,1
132,2,765.34,1
38,8,2285.71,1
236,1,338.95,2
261,1,154.95,2
17,4,2534.64,1
253,1,417.95,2
30,4,1824.37,1
35,3,798.74,1
169,2,885.19,1
3,9,1823.52,1
4,17,10504.49,5
185,2,152.4,1
188,2,267.08,1
170,1,137.45,1
11,2,385.1,1
45,1,522.91,1
321,1,153.0,2
201,1,326.4,2
23,11,5655.99,1
232,1,139.35,2
38,15,5396.04,1
26,4,1195.94,1
96,4,2424.04,1
127,6,3276.4000000000005,1
71,3,1033.0,1
16,11,3439.08,1
15,1,1060.25,1
4,3,2876.01,1
3,13,5298.4800000000005,1
79,4,1240.11,1
373,1,303.97,2
39,2,692.19,1
54,3,700.63,1
2,19,13110.02,5
9,3,377.44,1
9,2,168.24,1
19,4,1879.05,1
12,7,2791.35,1
113,2,355.11,1
4,6,2322.4,1
240,1,110.25,2
113,1,71.4,1
178,2,674.52,1
5,9,1797.57,1
359,1,80.64,2
1,5,1772.26,1
1,30,5605.29,5
19,8,3456.7000000000003,1
17,3,834.99,1
22,2,287.59,1
33,1,712.78,1
263,1,15.0,2
51,2,818.8199999999999,1
159,3,371.88,1
15,1,271.2,1
8,3,2273.1800000000003,1
13,10,3997.98,1
199,5,1143.27,1
57,2,245.81,1
11,2,182.77,1
97,4,1225.41,1
255,1,56.4,2
25,3,665.86,1
21,3,658.57,1
159,2,188.02,1
72,2,283.47,1
53,1,131.94,1
85,2,278.74,1
153,4,1865.19,1
74,2,1117.9,1
281,1,225.9,2
27,14,1965.55,1
30,1,106.1,1
25,1,323.04,1
180,2,350.39,1
40,4,697.9,1
22,3,780.43,1
22,10,3055.93,1
37,9,1199.01,1
82,3,1285.04,1
74,1,512.31,1
11,1,546.04,1
16,12,5411.91,1
4,39,7837.73,5
13,4,732.16,1
14,5,1770.88,1
37,4,36.56,1
4,3,387.68,1
72,7,3704.87,1
51,1,298.4,1
5,5,1995.46,1
23,4,1820.09,1
299,1,889.24,2
2,3,398.7,1
33,1,35.400000000000006,1
50,1,155.37,1
3,3,350.64,1
47,1,110.21,1
42,8,1593.38,1
27,5,2779.3,1
42,1,338.8,1
2,124,40991.57,3
303,1,205.48,2
107,1,51.56,1
85,1,2033.1,1
81,9,901.2,1
218,4,605.8000000000001,2
372,34,5391.21,5
12,2,114.34,1
185,2,311.26,1
373,1,208.97,2
2,4,1418.03,1
4,23,26879.04,5
6,12,5155.66,1
305,1,148.21,2
369,1,252.8,2
3,8,2100.8,1
324,1,330.9,2
59,6,3160.0,1
13,3,597.5,1
31,20,10526.32,5
143,1,329.65,1
30,6,1197.1,1
107,5,428.18,1
2,12,1894.35,1
205,1,155.9,2
80,5,1859.16,1
185,6,683.46,1
170,1,237.61,1
44,1,379.45,1
174,1,178.51999999999998,1
365,1,458.92,2
304,1,133.35000000000002,2
3,4,671.77,1
4,4,717.45,1
12,1,190.19,1
32,3,899.61,1
129,1,111.35,1
21,8,726.05,1
212,2,203.87,2
323,2,602.09,2
162,1,203.86,1
56,3,244.1,1
225,1,112.25,2
72,8,1119.81,1
44,1,98.0,1
23,1,256.32,1
173,3,566.6,1
85,2,152.06,1
159,1,155.8,1
190,2,112.2,1
29,1,110.38,1
21,1,191.67,1
71,4,800.24,1
247,1,72.9,2
374,1,243.28,2
9,1,366.23,1
310,5,311.01,2
59,2,411.6,1
4,1,336.43,1
45,3,341.28,1
88,1,1304.04,1
4,17,4204.1,5
64,4,826.52,1
282,1,207.50000000000003,2
12,7,2962.5,1
373,1,244.08,2
133,2,397.29,1
45,2,212.54,1
11,4,843.0,1
36,5,1740.48,1
134,2,408.36,1
29,3,1331.57,1
52,2,704.25,1
138,2,145.79,1
5,1,389.84,1
9,7,4301.22,1
160,1,99.14,1
49,10,4106.4400000000005,1
131,1,304.56,1
8,1,77.50000000000001,1
233,2,149.57999999999998,2
37,1,176.68,1
147,1,358.56000000000006,1
1,45,58510.48,4
72,3,482.2,1
40,3,1008.54,1
5,12,2332.72,1
199,4,557.3,1
249,1,12.75,2
66,1,111.68,1
117,1,508.4599999999999,1
171,1,73.78,1
21,39,1296.44,5
142,1,102.83,1
32,2,471.7,1
38,14,2622.57,1
38,5,1098.43,1
372,1,123.07,2
374,1,277.35,2
166,2,228.2,1
211,1,582.59,2
242,1,136.04,2
52,1,337.04,1
25,3,740.79,1
15,13,4488.81,1
372,1,353.19,2
29,1,288.14,1
365,1,300.92,2
36,4,757.71,1
166,3,811.45,1
145,1,152.68,1
22,1,634.95,1
56,1,20.8,1
185,1,198.57,1
12,7,201.12,1
237,3,630.84,2
225,2,93.35,2
122,4,678.49,1
282,1,76.1,2
74,8,1970.67,1
37,2,382.06,1
12,2,417.23,1
362,1,169.47,2
4,2,249.72,1
23,1,444.68,1
70,9,2116.19,1
235,1,257.34,2
257,1,174.8,2
373,1,102.79,2
155,2,187.29,1
28,1,166.42,1
4,1,120.03,1
32,5,1483.56,1
81,3,523.0,1
108,2,122.14,1
52,1,38.45,1
36,1,668.11,1
153,2,389.78,1
99,1,115.31,1
4,2,230.65,1
334,1,73.5,2
65,1,97.97,1
22,2,422.88,1
36,3,730.4,1
32,3,405.62,1
154,6,70.02,1
19,2,357.20000000000005,1
12,21,4183.39,5
54,1,165.04999999999998,1
25,3,559.51,1
4,10,2088.6,1
45,1,189.4,1
203,2,172.29000000000002,2
359,1,74.4,2
71,1,300.02,1
7,10,6784.1900000000005,1
288,1,363.65,2
10,1,170.16,1
23,3,306.46,1
22,10,2119.41,1
173,3,720.52,1
133,2,814.0,1
6,14,2392.83,1
75,1,318.0,1
40,1,396.33,1
289,1,101.7,2
26,5,2036.67,1
258,2,453.0,2
186,1,247.44,1
114,12,3877.52,1
374,1,489.6,2
23,10,2611.75,1
8,11,2633.01,1
217,2,336.13,2
45,4,3651.97,1
19,2,1231.5,1
36,3,343.45,1
26,1,703.37,1
16,1,90.48,1
330,2,689.95,2
274,1,101.34,2
98,2,4055.7199999999993,1
61,1,167.67000000000002,1
2,11,9068.26,1
93,4,2106.52,1
82,7,3017.3,1
313,2,580.0500000000001,2
12,3,911.15,1
8,6,2697.8,1
127,1,168.31,1
11,2,223.65,1
1,60,259657.3,6
37,1,754.64,1
38,1,113.48000000000002,1
330,1,430.7,2
254,1,271.0,2
2,26,8052.97,5
20,1,236.3,1
12,2,352.69,1
369,1,76.32000000000001,2
290,1,220.1,2
68,8,1418.03,1
26,1,320.72,1
11,26,5653.82,5
368,1,181.12,2
214,1,111.15,2
149,2,673.1,1
8,6,1826.21,1
24,2,589.4399999999999,1
30,4,1142.99,1
61,1,206.83,1
19,3,348.73,1
243,1,112.55,2
15,3,1059.39,1
212,1,931.5,2
29,5,681.9100000000001,1
63,3,784.33,1
295,1,152.65,2
18,6,8438.34,1
157,2,1019.52,1
117,2,1000.16,1
8,12,2888.75,1
13,4,2861.55,1
141,2,160.35000000000002,1
46,2,179.33999999999995,1
51,3,612.0799999999999,1
32,3,566.58,1
135,2,653.35,1
3,2,399.19,1
75,3,371.62,1
13,2,734.94,1
9,2,453.4,1
301,1,530.15,2
57,2,638.0600000000001,1
15,5,1618.69,1
37,1,399.65,1
177,1,302.46000000000004,1
23,3,1384.86,1
176,6,1169.94,1
61,1,202.65,1
33,3,980.31,1
59,5,1231.31,1
15,20,7561.68,5
87,4,2106.84,1
7,1,104.0,1
358,1,476.35,2
31,6,1341.42,1
129,4,1590.81,1
9,6,1793.17,1
5,6,1843.75,1
24,1,382.8,1
227,2,632.07,2
15,1,49.8,1
249,1,304.25,2
15,3,2001.04,1
78,2,1090.24,1
192,2,284.46000000000004,1
262,1,207.8,2
72,1,957.97,1
165,1,243.76,1
82,1,973.84,1
95,2,689.13,1
4,17,5425.56,5
106,1,163.8,1
200,3,1396.99,1
157,1,160.42000000000002,1
71,3,1993.7,1
36,2,517.36,1
29,1,139.10000000000002,1
2,6,2621.38,1
26,5,600.07,1
326,1,248.42,2
237,1,232.48,2
89,1,299.34000000000003,1
31,1,481.75,1
29,2,621.75,1
211,2,662.08,2
3,10,2069.77,1
227,1,305.28000000000003,2
22,5,1041.61,1
93,1,443.0,1
5,14,6484.54,1
264,1,158.95000000000002,2
3,12,5509.12,1
44,11,5228.05,1
218,1,93.75,2
57,2,779.9,1
12,20,7276.900000000001,5
9,7,2810.2000000000003,1
192,5,2083.27,1
82,4,592.97,1
326,1,440.0,2
72,3,1796.48,1
30,6,882.24,1
3,5,987.1,1
219,5,1561.61,2
46,1,422.58,1
10,17,2073.09,1
72,4,2232.49,1
7,7,2567.06,1
24,2,596.1,1
123,2,804.02,1
17,1,95.34,1
310,1,349.27,2
87,1,4314.72,1
51,2,526.67,1
89,1,103.3,1
39,8,2337.63,1
25,3,2338.6000000000004,1
173,6,2643.2000000000003,1
43,2,324.24,1
140,1,149.48,1
26,3,1213.16,1
72,2,801.51,1
134,1,25.5,1
366,1,168.6,2
38,2,283.15,1
3,6,3078.58,1
2,3,204.0,1
30,1,175.92,1
44,1,335.86,1
58,1,110.38,1
74,1,173.9,1
278,1,180.6,2
181,1,80.82,1
8,2,178.05,1
4,16,2094.88,1
43,3,1837.28,1
